"Tanggal","Terakhir","Pembukaan","Tertinggi","Terendah","Vol.","Perubahan%"
"19/06/2025","1.773.888","1.773.553","1.780.835","1.766.403","","0,03%"
"18/06/2025","1.773.428","1.771.586","1.786.856","1.762.090","","-0,36%"
"17/06/2025","1.779.862","1.782.629","1.784.558","1.764.395","","0,01%"
"16/06/2025","1.779.755","1.804.685","1.809.316","1.768.056","","-1,42%"
"15/06/2025","1.805.467","1.798.561","1.809.022","1.798.561","","0,45%"
"13/06/2025","1.797.457","1.770.440","1.807.777","1.770.440","","1,63%"
"12/06/2025","1.768.656","1.757.628","1.771.238","1.744.349","","0,65%"
"11/06/2025","1.757.303","1.739.643","1.761.120","1.733.994","","1,02%"
"10/06/2025","1.739.627","1.739.092","1.751.232","1.728.201","","0,01%"
"09/06/2025","1.739.515","1.736.022","1.747.033","1.724.646","","0,19%"
"08/06/2025","1.736.233","1.732.034","1.739.286","1.732.034","","0,24%"
"06/06/2025","1.732.034","1.756.495","1.764.563","1.731.888","","-1,38%"
"05/06/2025","1.756.268","1.769.756","1.779.538","1.746.632","","-0,73%"
"04/06/2025","1.769.127","1.758.346","1.773.663","1.751.957","","0,57%"
"03/06/2025","1.759.095","1.769.243","1.771.440","1.748.905","","-0,88%"
"02/06/2025","1.774.662","1.731.418","1.774.662","1.727.742","","2,51%"
"01/06/2025","1.731.190","1.722.863","1.739.414","1.720.325","","0,00%"
"30/05/2025","1.731.187","1.735.581","1.737.232","1.716.421","","-0,36%"
"29/05/2025","1.737.467","1.707.311","1.743.011","1.698.743","","1,77%"
"28/05/2025","1.707.278","1.730.618","1.742.746","1.702.471","","-1,31%"
"27/05/2025","1.729.984","1.744.568","1.747.769","1.719.789","","-0,89%"
"26/05/2025","1.745.476","1.742.275","1.748.273","1.735.979","","0,23%"
"25/05/2025","1.741.529","1.750.809","1.750.809","1.741.108","","-0,46%"
"23/05/2025","1.749.567","1.731.703","1.759.560","1.725.194","","1,06%"
"22/05/2025","1.731.262","1.749.485","1.758.627","1.722.875","","-1,01%"
"21/05/2025","1.748.928","1.734.955","1.753.014","1.728.816","","0,77%"
"20/05/2025","1.735.644","1.701.734","1.742.304","1.690.291","","2,04%"
"19/05/2025","1.700.979","1.708.981","1.718.219","1.697.342","","-0,44%"
"18/05/2025","1.708.422","1.693.254","1.720.258","1.692.060","","0,56%"
"16/05/2025","1.698.847","1.718.227","1.721.958","1.670.325","","-1,15%"
"15/05/2025","1.718.657","1.693.097","1.725.904","1.661.260","","1,48%"
"14/05/2025","1.693.543","1.728.080","1.733.545","1.685.557","","-1,97%"
"13/05/2025","1.727.601","1.737.778","1.746.322","1.710.459","","-0,57%"
"12/05/2025","1.737.577","1.744.655","1.744.655","1.699.926","","-1,53%"
"09/05/2025","1.764.524","1.765.072","1.777.318","1.741.792","","0,42%"
"08/05/2025","1.757.186","1.790.977","1.816.841","1.745.154","","-1,93%"
"07/05/2025","1.791.758","1.796.832","1.806.874","1.777.316","","-0,33%"
"06/05/2025","1.797.682","1.760.362","1.814.822","1.756.124","","2,09%"
"05/05/2025","1.760.887","1.714.448","1.762.818","1.712.165","","2,90%"
"02/05/2025","1.711.311","1.725.573","1.732.580","1.702.574","","-0,81%"
"01/05/2025","1.725.291","1.745.235","1.747.557","1.707.012","","-1,17%"
"30/04/2025","1.745.782","1.785.888","1.791.532","1.742.269","","-2,25%"
"29/04/2025","1.785.938","1.806.400","1.806.804","1.774.528","","-1,14%"
"28/04/2025","1.806.619","1.786.839","1.814.649","1.771.700","","0,74%"
"25/04/2025","1.793.350","1.814.173","1.821.316","1.769.346","","-1,13%"
"24/04/2025","1.813.819","1.795.750","1.825.797","1.788.237","","0,97%"
"23/04/2025","1.796.361","1.807.069","1.834.716","1.767.283","","-0,54%"
"22/04/2025","1.806.109","1.853.054","1.895.569","1.797.872","","-2,60%"
"21/04/2025","1.854.380","1.809.367","1.858.998","1.809.367","","3,12%"
"18/04/2025","1.798.256","1.799.240","1.799.240","1.798.256","","-0,05%"
"17/04/2025","1.799.240","1.809.885","1.816.555","1.781.944","","-0,65%"
"16/04/2025","1.811.055","1.760.120","1.814.451","1.758.230","","3,11%"
"15/04/2025","1.756.348","1.733.207","1.756.348","1.730.777","","1,28%"
"14/04/2025","1.734.070","1.739.757","1.751.581","1.723.636","","-0,86%"
"11/04/2025","1.749.126","1.721.488","1.755.150","1.720.245","","1,25%"
"10/04/2025","1.727.518","1.670.031","1.727.518","1.666.766","","3,43%"
"09/04/2025","1.670.200","1.613.872","1.677.981","1.612.389","","3,46%"
"08/04/2025","1.614.327","1.606.442","1.637.399","1.606.442","","0,52%"
"07/04/2025","1.605.906","1.617.768","1.642.785","1.592.858","","-1,43%"
"04/04/2025","1.629.125","1.671.920","1.679.953","1.617.217","","-2,59%"
"03/04/2025","1.672.371","1.691.392","1.704.150","1.641.400","","-1,79%"
"02/04/2025","1.702.934","1.676.177","1.702.934","1.668.467","","2,01%"
"01/04/2025","1.669.417","1.660.391","1.690.318","1.660.391","","0,57%"
"31/03/2025","1.659.994","1.643.127","1.674.095","1.637.369","","1,14%"
"28/03/2025","1.641.241","1.626.247","1.646.640","1.626.247","","0,83%"
"27/03/2025","1.627.713","1.610.515","1.632.646","1.610.415","","0,72%"
"26/03/2025","1.616.047","1.611.337","1.618.112","1.607.232","","0,31%"
"25/03/2025","1.611.022","1.601.092","1.616.984","1.601.092","","0,61%"
"24/03/2025","1.601.324","1.604.337","1.615.702","1.597.551","","-0,26%"
"21/03/2025","1.605.456","1.616.120","1.616.120","1.590.323","","-0,64%"
"20/03/2025","1.615.724","1.619.387","1.622.723","1.605.084","","-0,22%"
"19/03/2025","1.619.354","1.600.846","1.620.722","1.598.842","","1,15%"
"18/03/2025","1.601.011","1.580.474","1.615.113","1.580.474","","1,30%"
"17/03/2025","1.580.540","1.570.879","1.582.210","1.569.522","","0,83%"
"14/03/2025","1.567.519","1.575.131","1.579.984","1.564.546","","-0,49%"
"13/03/2025","1.575.295","1.553.461","1.576.591","1.548.551","","1,42%"
"12/03/2025","1.553.230","1.536.488","1.554.546","1.534.357","","1,08%"
"11/03/2025","1.536.652","1.514.771","1.539.980","826.966","","1,45%"
"10/03/2025","1.514.668","1.525.004","1.533.231","1.513.480","","-0,48%"
"07/03/2025","1.521.897","1.527.098","1.532.881","1.519.424","","-0,34%"
"06/03/2025","1.527.147","1.528.809","1.535.378","1.517.173","","-0,02%"
"05/03/2025","1.527.438","1.538.376","1.541.390","1.520.326","","-0,52%"
"04/03/2025","1.535.476","1.530.182","1.546.615","1.522.698","","0,37%"
"03/03/2025","1.529.848","1.527.653","1.532.855","1.514.557","","0,73%"
"28/02/2025","1.518.703","1.521.604","1.533.482","1.507.339","","-0,21%"
"27/02/2025","1.521.834","1.535.353","1.538.308","1.516.024","","-0,89%"
"26/02/2025","1.535.549","1.532.638","1.540.323","1.520.957","","0,20%"
"25/02/2025","1.532.540","1.543.010","1.548.182","1.518.019","","-0,81%"
"24/02/2025","1.545.074","1.538.448","1.547.875","1.530.985","","0,40%"
"21/02/2025","1.538.853","1.542.149","1.545.899","1.528.992","","-0,20%"
"20/02/2025","1.541.905","1.540.819","1.551.596","1.533.302","","0,11%"
"19/02/2025","1.540.232","1.534.136","1.550.520","1.531.501","","0,39%"
"18/02/2025","1.534.282","1.510.477","1.541.301","1.507.074","","1,57%"
"17/02/2025","1.510.510","1.500.481","1.516.584","1.499.886","","0,56%"
"14/02/2025","1.502.037","1.530.081","1.535.776","1.496.747","","-1,94%"
"13/02/2025","1.531.753","1.527.730","1.538.486","1.523.449","","0,24%"
"12/02/2025","1.528.139","1.524.784","1.530.165","1.507.140","","0,20%"
"11/02/2025","1.525.078","1.531.821","1.550.237","1.517.070","","-0,47%"
"10/02/2025","1.532.311","1.503.485","1.534.140","1.503.256","","2,04%"
"07/02/2025","1.501.654","1.499.910","1.513.469","1.496.470","","0,13%"
"06/02/2025","1.499.649","1.503.870","1.508.871","1.489.164","","-0,11%"
"05/02/2025","1.501.295","1.492.441","1.511.129","1.489.717","","0,61%"
"04/02/2025","1.492.163","1.483.891","1.493.764","1.476.091","","0,56%"
"03/02/2025","1.483.859","1.463.209","1.494.089","1.454.511","","1,25%"
"31/01/2025","1.465.571","1.460.542","1.477.193","1.460.006","","0,33%"
"30/01/2025","1.460.737","1.437.657","1.463.531","1.437.042","","1,61%"
"29/01/2025","1.437.657","1.441.125","1.445.022","1.430.124","","-0,23%"
"28/01/2025","1.440.971","1.426.684","1.445.959","1.419.525","","0,98%"
"27/01/2025","1.427.057","1.435.366","1.441.325","1.418.359","","-0,96%"
"24/01/2025","1.440.930","1.438.417","1.446.458","1.436.409","","0,19%"
"23/01/2025","1.438.167","1.441.923","1.442.918","1.428.750","","-0,13%"
"22/01/2025","1.440.065","1.440.467","1.447.728","1.434.526","","-0,15%"
"21/01/2025","1.442.299","1.420.033","1.442.348","1.416.937","","1,56%"
"20/01/2025","1.420.077","1.417.358","1.428.626","1.412.211","","-0,08%"
"17/01/2025","1.421.168","1.426.326","1.433.532","1.419.713","","-0,73%"
"16/01/2025","1.431.599","1.421.658","1.434.600","1.411.271","","0,69%"
"15/01/2025","1.421.740","1.402.519","1.423.688","1.395.110","","1,67%"
"14/01/2025","1.398.329","1.400.418","1.403.846","1.391.957","","-0,16%"
"13/01/2025","1.400.597","1.399.797","1.411.143","1.389.287","","-0,59%"
"10/01/2025","1.408.841","1.395.584","1.410.940","1.388.500","","0,95%"
"09/01/2025","1.395.519","1.390.851","1.395.731","1.385.011","","0,34%"
"08/01/2025","1.390.857","1.381.891","1.393.435","1.376.164","","0,63%"
"07/01/2025","1.382.102","1.372.976","1.383.933","1.368.405","","0,76%"
"06/01/2025","1.371.678","1.374.301","1.378.060","1.359.687","","-0,08%"
"03/01/2025","1.372.752","1.391.380","1.392.605","1.371.572","","-1,30%"
"02/01/2025","1.390.903","1.356.394","1.391.398","1.356.394","","2,50%"
"01/01/2025","1.357.006","1.357.613","1.372.375","1.356.073","","-0,04%"
"31/12/2024","1.357.613","1.357.088","1.373.975","1.350.113","","0,03%"
"30/12/2024","1.357.210","1.369.228","1.370.851","1.351.717","","-0,54%"
"27/12/2024","1.364.551","1.370.732","1.380.258","1.359.523","","-0,46%"
"26/12/2024","1.370.866","1.363.425","1.374.878","1.363.425","","0,57%"
"25/12/2024","1.363.059","1.360.593","1.363.829","1.360.593","","0,18%"
"24/12/2024","1.360.593","1.364.819","1.366.447","1.354.957","","-0,33%"
"23/12/2024","1.365.046","1.365.980","1.370.367","1.358.862","","0,01%"
"20/12/2024","1.364.887","1.358.998","1.372.356","1.355.963","","0,42%"
"19/12/2024","1.359.180","1.351.836","1.376.743","1.350.373","","0,55%"
"18/12/2024","1.351.787","1.361.565","1.373.078","1.337.626","","-0,74%"
"17/12/2024","1.361.815","1.365.524","1.373.743","1.361.566","","-0,26%"
"16/12/2024","1.365.432","1.363.023","1.372.363","1.362.448","","0,02%"
"13/12/2024","1.365.189","1.376.259","1.385.995","1.363.858","","-0,84%"
"12/12/2024","1.376.695","1.396.386","1.397.846","1.372.822","","-1,42%"
"11/12/2024","1.396.526","1.379.314","1.396.690","1.368.303","","1,25%"
"10/12/2024","1.379.345","1.357.000","1.380.985","1.355.311","","1,60%"
"09/12/2024","1.357.590","1.345.892","1.364.432","1.339.133","","1,08%"
"06/12/2024","1.343.036","1.343.111","1.347.823","1.331.355","","-0,04%"
"05/12/2024","1.343.537","1.356.404","1.356.404","1.336.223","","-0,95%"
"04/12/2024","1.356.427","1.357.872","1.359.472","1.348.293","","-0,11%"
"03/12/2024","1.357.865","1.354.013","1.360.134","1.348.707","","0,30%"
"02/12/2024","1.353.742","1.347.228","1.355.759","1.335.728","","0,20%"
"29/11/2024","1.351.090","1.347.734","1.359.613","1.344.295","","0,25%"
"28/11/2024","1.347.703","1.346.721","1.352.028","1.336.944","","0,01%"
"27/11/2024","1.347.635","1.349.479","1.356.041","1.341.706","","-0,12%"
"26/11/2024","1.349.192","1.335.631","1.349.833","1.332.593","","1,06%"
"25/11/2024","1.335.022","1.394.208","1.394.208","1.332.440","","-4,05%"
"22/11/2024","1.391.390","1.364.244","1.391.390","1.364.244","","1,99%"
"21/11/2024","1.364.249","1.359.291","1.368.868","1.356.755","","0,38%"
"20/11/2024","1.359.067","1.343.059","1.359.418","1.336.732","","1,20%"
"19/11/2024","1.343.006","1.330.477","1.355.002","1.243.354","","0,93%"
"18/11/2024","1.330.572","1.314.169","1.332.191","1.310.574","","1,55%"
"15/11/2024","1.310.306","1.319.002","1.319.918","1.305.740","","-0,66%"
"14/11/2024","1.319.018","1.312.024","1.320.142","1.298.256","","0,55%"
"13/11/2024","1.311.823","1.322.224","1.326.172","1.117.565","","-0,81%"
"12/11/2024","1.322.477","1.330.447","1.331.914","1.315.410","","-0,60%"
"11/11/2024","1.330.510","1.351.984","1.352.901","1.323.200","","-1,31%"
"08/11/2024","1.348.226","1.354.702","1.362.954","1.345.995","","-0,47%"
"07/11/2024","1.354.556","1.355.473","1.356.299","1.342.589","","-0,08%"
"06/11/2024","1.355.670","1.387.164","1.400.123","1.349.123","","-2,30%"
"05/11/2024","1.387.635","1.389.753","1.393.470","1.382.522","","-0,16%"
"04/11/2024","1.389.915","1.395.656","1.396.744","1.384.248","","-0,22%"
"01/11/2024","1.393.006","1.388.445","1.400.799","1.385.620","","0,31%"
"31/10/2024","1.388.652","1.406.399","1.407.931","1.381.856","","-1,25%"
"30/10/2024","1.406.298","1.407.317","1.410.355","1.397.608","","-0,07%"
"29/10/2024","1.407.312","1.389.846","1.407.451","1.387.361","","1,26%"
"28/10/2024","1.389.793","1.380.306","1.389.793","1.370.299","","0,22%"
"25/10/2024","1.386.769","1.374.373","1.386.769","1.353.834","","0,91%"
"24/10/2024","1.374.277","1.370.351","1.375.604","1.363.591","","0,23%"
"23/10/2024","1.371.069","1.376.831","1.385.578","1.364.450","","-0,43%"
"22/10/2024","1.377.025","1.361.405","1.378.052","1.360.031","","1,13%"
"21/10/2024","1.361.700","1.355.081","1.366.447","1.352.661","","0,55%"
"18/10/2024","1.354.286","1.344.589","1.354.534","1.342.398","","0,72%"
"17/10/2024","1.344.574","1.339.884","1.347.350","1.333.989","","0,36%"
"16/10/2024","1.339.740","1.332.868","1.343.108","1.329.481","","0,49%"
"15/10/2024","1.333.244","1.326.995","1.336.024","1.320.634","","0,46%"
"14/10/2024","1.327.146","1.325.529","1.335.469","1.324.140","","-0,22%"
"11/10/2024","1.330.101","1.328.662","1.333.655","1.319.370","","0,15%"
"10/10/2024","1.328.083","1.317.155","1.328.700","1.312.379","","0,83%"
"09/10/2024","1.317.178","1.322.938","1.323.309","1.310.331","","-0,43%"
"08/10/2024","1.322.890","1.338.497","1.339.402","1.311.315","","-1,17%"
"07/10/2024","1.338.583","1.335.303","1.347.272","1.330.377","","0,14%"
"04/10/2024","1.336.755","1.322.373","1.343.709","1.318.538","","1,09%"
"03/10/2024","1.322.373","1.309.479","1.324.101","1.307.308","","1,02%"
"02/10/2024","1.309.037","1.306.749","1.311.378","1.298.348","","0,15%"
"01/10/2024","1.307.089","1.288.335","1.311.724","1.286.046","","1,45%"
"30/09/2024","1.288.365","1.295.229","1.296.409","1.282.391","","-0,34%"
"27/09/2024","1.292.741","1.300.434","1.301.770","1.154.047","","-0,59%"
"26/09/2024","1.300.389","1.299.780","1.306.246","1.291.207","","0,02%"
"25/09/2024","1.300.100","1.293.640","1.301.424","1.287.928","","0,48%"
"24/09/2024","1.293.852","1.282.719","1.296.254","1.279.954","","0,83%"
"23/09/2024","1.283.205","1.277.284","1.288.084","1.275.359","","0,39%"
"20/09/2024","1.278.222","1.264.320","1.279.857","1.252.245","","1,08%"
"19/09/2024","1.264.530","1.260.647","1.268.255","1.256.647","","0,31%"
"18/09/2024","1.260.647","1.270.578","1.272.288","1.253.611","","-0,77%"
"17/09/2024","1.270.439","1.278.612","1.279.067","1.264.190","","-0,64%"
"16/09/2024","1.278.643","1.277.030","1.280.935","1.273.095","","0,06%"
"13/09/2024","1.277.907","1.269.858","1.280.741","1.267.127","","0,64%"
"12/09/2024","1.269.837","1.246.692","1.270.193","1.244.953","","1,80%"
"11/09/2024","1.247.376","1.254.361","1.255.052","1.240.215","","-0,55%"
"10/09/2024","1.254.336","1.247.800","1.254.434","1.241.144","","0,54%"
"09/09/2024","1.247.549","1.237.460","1.248.175","1.234.553","","0,51%"
"06/09/2024","1.241.208","1.248.449","1.250.986","1.235.440","","-0,58%"
"05/09/2024","1.248.408","1.240.427","1.250.578","1.235.711","","0,65%"
"04/09/2024","1.240.347","1.247.044","1.247.694","1.232.937","","-0,53%"
"03/09/2024","1.246.913","1.248.825","1.255.059","1.235.210","","-0,15%"
"02/09/2024","1.248.765","1.250.083","1.252.740","1.243.757","","-0,11%"
"30/08/2024","1.250.141","1.252.591","1.260.276","1.245.406","","-0,20%"
"29/08/2024","1.252.706","1.245.838","1.256.480","1.242.533","","0,57%"
"28/08/2024","1.245.622","1.256.897","1.258.857","1.238.077","","-0,91%"
"27/08/2024","1.257.010","1.252.167","1.258.521","1.247.062","","0,36%"
"26/08/2024","1.252.445","1.245.834","1.256.483","1.237.892","","0,68%"
"23/08/2024","1.243.970","1.259.608","1.261.939","1.145.583","","-1,24%"
"22/08/2024","1.259.622","1.253.182","1.265.806","1.244.392","","0,54%"
"21/08/2024","1.252.898","1.248.233","1.254.727","1.244.595","","0,36%"
"20/08/2024","1.248.390","1.250.046","1.258.817","1.241.592","","-0,14%"
"19/08/2024","1.250.115","1.264.300","1.264.520","1.245.431","","-1,13%"
"16/08/2024","1.264.465","1.246.146","1.264.695","1.233.882","","1,47%"
"15/08/2024","1.246.162","1.231.350","1.247.490","1.228.510","","1,22%"
"14/08/2024","1.231.099","1.248.395","1.249.039","1.221.628","","-1,37%"
"13/08/2024","1.248.222","1.270.968","1.271.251","1.244.667","","-1,77%"
"12/08/2024","1.270.651","1.243.201","1.270.714","1.242.516","","1,99%"
"09/08/2024","1.245.902","1.246.176","1.248.911","1.236.865","","-0,03%"
"08/08/2024","1.246.235","1.229.084","1.247.863","1.222.854","","1,39%"
"07/08/2024","1.229.092","1.240.094","1.241.461","1.227.022","","-0,85%"
"06/08/2024","1.239.678","1.254.474","1.259.840","1.237.449","","-1,16%"
"05/08/2024","1.254.182","1.256.889","1.275.457","1.232.353","","-1,16%"
"02/08/2024","1.268.908","1.280.481","1.289.000","1.255.052","","-0,94%"
"01/08/2024","1.280.937","1.278.391","1.285.872","1.270.737","","0,16%"
"31/07/2024","1.278.844","1.265.804","1.280.551","1.258.778","","1,05%"
"30/07/2024","1.265.560","1.248.966","1.266.596","1.245.972","","1,35%"
"29/07/2024","1.248.707","1.255.770","1.257.735","1.242.240","","-0,08%"
"26/07/2024","1.249.671","1.241.466","1.251.687","1.236.352","","0,66%"
"25/07/2024","1.241.417","1.253.444","1.253.727","1.234.374","","-0,96%"
"24/07/2024","1.253.464","1.256.924","1.268.424","1.250.188","","-0,25%"
"23/07/2024","1.256.664","1.250.089","1.257.551","1.244.481","","0,52%"
"22/07/2024","1.250.136","1.257.010","1.257.380","1.243.260","","-0,11%"
"19/07/2024","1.251.492","1.269.893","1.269.924","1.247.047","","-1,54%"
"18/07/2024","1.271.026","1.278.568","1.285.843","1.270.421","","-0,59%"
"17/07/2024","1.278.529","1.283.645","1.288.723","1.272.453","","-0,44%"
"16/07/2024","1.284.165","1.261.786","1.284.724","1.259.750","","1,76%"
"15/07/2024","1.261.910","1.247.752","1.267.374","1.246.818","","1,04%"
"12/07/2024","1.248.957","1.251.135","1.252.701","1.238.677","","-0,17%"
"11/07/2024","1.251.070","1.236.074","1.253.493","1.235.581","","1,14%"
"10/07/2024","1.237.026","1.238.367","1.244.680","1.234.883","","-0,10%"
"09/07/2024","1.238.279","1.237.723","1.240.189","1.230.754","","0,09%"
"08/07/2024","1.237.202","1.246.686","1.250.481","1.230.628","","-1,01%"
"05/07/2024","1.249.821","1.237.973","1.250.778","1.232.037","","0,96%"
"04/07/2024","1.237.908","1.239.511","1.240.998","1.234.814","","-0,14%"
"03/07/2024","1.239.658","1.228.921","1.241.705","1.226.268","","0,90%"
"02/07/2024","1.228.587","1.229.625","1.230.159","1.221.648","","-0,06%"
"01/07/2024","1.229.363","1.222.114","1.229.396","1.219.059","","0,50%"
"28/06/2024","1.223.215","1.226.567","1.229.231","1.221.199","","-0,28%"
"27/06/2024","1.226.629","1.214.333","1.227.025","1.212.275","","0,96%"
"26/06/2024","1.214.909","1.224.099","1.227.407","1.211.814","","-0,74%"
"25/06/2024","1.224.004","1.228.819","1.231.742","1.221.337","","-0,41%"
"24/06/2024","1.229.016","1.226.792","1.231.989","1.223.654","","-0,05%"
"21/06/2024","1.229.682","1.252.662","1.253.826","1.227.008","","-1,75%"
"20/06/2024","1.251.634","1.227.463","1.254.386","1.225.329","","1,90%"
"19/06/2024","1.228.243","1.226.177","1.229.506","1.223.341","","0,19%"
"18/06/2024","1.225.899","1.230.746","1.231.163","1.216.687","","-0,35%"
"17/06/2024","1.230.202","1.233.602","1.233.602","1.224.265","","-0,51%"
"14/06/2024","1.236.497","1.206.177","1.237.322","1.205.716","","2,54%"
"13/06/2024","1.205.851","1.211.407","1.213.956","1.201.965","","-0,47%"
"12/06/2024","1.211.543","1.214.462","1.220.079","1.208.302","","-0,23%"
"11/06/2024","1.214.380","1.212.030","1.215.409","1.204.009","","0,19%"
"10/06/2024","1.212.109","1.203.098","1.212.959","1.198.377","","0,95%"
"07/06/2024","1.200.741","1.241.486","1.244.988","1.197.154","","-3,30%"
"06/06/2024","1.241.665","1.236.065","1.242.930","1.230.908","","0,46%"
"05/06/2024","1.235.918","1.219.305","1.237.149","1.216.146","","1,37%"
"04/06/2024","1.219.205","1.225.217","1.226.875","1.213.104","","-0,48%"
"03/06/2024","1.225.087","1.215.240","1.227.650","1.207.435","","0,73%"
"31/05/2024","1.216.236","1.223.154","1.231.862","1.213.556","","-0,59%"
"30/05/2024","1.223.427","1.221.582","1.225.807","1.214.029","","0,05%"
"29/05/2024","1.222.783","1.223.294","1.226.921","1.216.867","","-0,05%"
"28/05/2024","1.223.439","1.216.275","1.224.360","1.211.040","","0,61%"
"27/05/2024","1.216.001","1.205.414","1.218.719","1.204.431","","0,99%"
"24/05/2024","1.204.041","1.207.075","1.211.412","1.201.956","","-0,21%"
"23/05/2024","1.206.621","1.229.101","1.229.521","1.203.536","","-1,83%"
"22/05/2024","1.229.069","1.246.674","1.247.661","1.224.939","","-1,41%"
"21/05/2024","1.246.654","1.250.991","1.254.414","1.239.783","","-0,37%"
"20/05/2024","1.251.344","1.241.585","1.258.255","1.239.913","","1,01%"
"17/05/2024","1.238.820","1.218.899","1.242.586","1.217.703","","1,65%"
"16/05/2024","1.218.717","1.224.481","1.227.104","1.214.001","","-0,46%"
"15/05/2024","1.224.293","1.219.983","1.224.615","1.208.468","","0,36%"
"14/05/2024","1.219.935","1.212.471","1.222.081","1.209.639","","0,61%"
"13/05/2024","1.212.503","1.217.687","1.220.369","1.209.126","","-0,51%"
"10/05/2024","1.218.750","1.209.130","1.225.908","1.209.130","","0,72%"
"09/05/2024","1.210.010","1.193.148","1.210.713","1.191.625","","1,41%"
"08/05/2024","1.193.184","1.196.855","1.200.178","1.189.399","","-0,30%"
"07/05/2024","1.196.818","1.199.877","1.202.075","1.193.155","","-0,25%"
"06/05/2024","1.199.781","1.186.517","1.201.662","1.183.164","","1,52%"
"03/05/2024","1.181.797","1.192.432","1.194.382","1.033.294","","-0,92%"
"02/05/2024","1.192.750","1.211.529","1.213.733","1.188.656","","-1,53%"
"01/05/2024","1.211.302","1.199.616","1.211.302","1.193.219","","1,05%"
"30/04/2024","1.198.769","1.219.345","1.220.716","1.195.182","","-1,70%"
"29/04/2024","1.219.540","1.217.452","1.224.236","1.212.287","","-0,11%"
"26/04/2024","1.220.877","1.213.587","1.228.830","1.211.291","","0,62%"
"25/04/2024","1.213.334","1.208.478","1.222.387","1.202.682","","0,50%"
"24/04/2024","1.207.305","1.206.894","1.217.892","1.200.969","","0,02%"
"23/04/2024","1.207.056","1.219.558","1.219.662","1.196.084","","-1,03%"
"22/04/2024","1.219.652","1.243.943","1.244.820","1.213.817","","-2,20%"
"19/04/2024","1.247.099","1.241.561","1.266.303","1.237.166","","0,53%"
"18/04/2024","1.240.514","1.238.292","1.245.796","1.229.987","","0,26%"
"17/04/2024","1.237.243","1.251.581","1.252.501","1.228.554","","-1,17%"
"16/04/2024","1.251.848","1.233.741","1.257.239","1.230.068","","1,43%"
"15/04/2024","1.234.207","1.225.398","1.237.082","1.203.135","","1,58%"
"12/04/2024","1.215.013","1.224.582","1.260.202","1.209.918","","-0,82%"
"11/04/2024","1.225.051","1.201.002","1.225.618","1.196.741","","1,96%"
"10/04/2024","1.201.496","1.203.691","1.206.877","1.186.720","","-0,18%"
"09/04/2024","1.203.713","1.197.544","1.208.219","1.193.419","","0,52%"
"08/04/2024","1.197.537","1.180.288","1.200.516","1.176.602","","0,63%"
"05/04/2024","1.190.033","1.169.960","1.190.047","1.159.608","","1,70%"
"04/04/2024","1.170.103","1.177.173","1.180.254","1.165.269","","-0,64%"
"03/04/2024","1.177.624","1.170.689","1.179.963","1.161.036","","0,61%"
"02/04/2024","1.170.527","1.153.591","1.173.542","1.151.544","","1,45%"
"01/04/2024","1.153.782","1.144.636","1.158.800","1.141.716","","1,23%"
"29/03/2024","1.139.801","1.140.304","1.142.120","1.138.473","","-0,04%"
"28/03/2024","1.140.304","1.118.933","1.140.806","1.117.077","","1,91%"
"27/03/2024","1.118.885","1.109.696","1.122.509","1.106.975","","0,89%"
"26/03/2024","1.108.995","1.103.712","1.116.709","306.901","","0,47%"
"25/03/2024","1.103.806","1.102.437","1.106.351","1.099.542","","0,24%"
"22/03/2024","1.101.179","1.102.531","1.109.537","1.097.578","","-0,13%"
"21/03/2024","1.102.563","1.112.155","1.114.188","1.094.855","","-0,85%"
"20/03/2024","1.112.046","1.090.635","1.116.465","1.087.609","","1,97%"
"19/03/2024","1.090.560","1.095.114","1.095.540","1.086.036","","-0,34%"
"18/03/2024","1.094.324","1.084.798","1.095.136","1.080.100","","0,91%"
"15/03/2024","1.084.454","1.086.756","1.091.030","1.083.632","","-0,21%"
"14/03/2024","1.086.750","1.089.843","1.089.985","1.081.922","","-0,28%"
"13/03/2024","1.089.782","1.079.155","1.090.326","1.078.392","","0,98%"
"12/03/2024","1.079.171","1.090.103","1.090.477","1.075.643","","-0,99%"
"11/03/2024","1.089.969","1.090.378","1.096.994","1.080.729","","0,10%"
"08/03/2024","1.088.839","1.086.028","1.096.362","1.078.637","","0,22%"
"07/03/2024","1.086.497","1.082.390","1.087.910","1.079.316","","0,38%"
"06/03/2024","1.082.343","1.078.064","1.083.268","1.073.317","","0,38%"
"05/03/2024","1.078.292","1.072.212","1.083.886","1.068.494","","0,56%"
"04/03/2024","1.072.289","1.051.774","1.073.016","1.050.035","","1,96%"
"01/03/2024","1.051.681","1.032.577","1.054.669","1.030.469","","1,84%"
"29/02/2024","1.032.718","1.029.086","1.036.621","1.025.300","","0,35%"
"28/02/2024","1.029.083","1.022.066","1.029.720","1.021.709","","0,67%"
"27/02/2024","1.022.222","1.022.000","1.026.334","1.020.950","","0,06%"
"26/02/2024","1.021.610","1.019.670","1.024.960","1.017.789","","0,10%"
"23/02/2024","1.020.630","1.015.179","1.023.388","1.012.474","","0,53%"
"22/02/2024","1.015.270","1.019.774","1.021.172","1.012.421","","-0,45%"
"21/02/2024","1.019.878","1.019.578","1.023.049","1.016.854","","0,01%"
"20/02/2024","1.019.736","1.014.020","1.022.422","1.012.596","","0,56%"
"19/02/2024","1.014.041","1.013.794","1.016.714","1.012.535","","0,07%"
"16/02/2024","1.013.370","1.010.718","1.013.533","1.004.372","","0,33%"
"15/02/2024","1.010.076","1.002.086","1.011.312","996.467","","0,80%"
"14/02/2024","1.002.089","1.003.720","1.007.136","994.360","","-0,11%"
"13/02/2024","1.003.216","1.011.666","1.020.429","1.001.754","","-0,83%"
"12/02/2024","1.011.605","1.016.665","1.020.717","1.007.450","","-0,45%"
"09/02/2024","1.016.165","1.024.529","1.024.614","1.014.637","","-0,83%"
"08/02/2024","1.024.632","1.024.765","1.025.855","1.017.878","","-0,01%"
"07/02/2024","1.024.734","1.030.387","1.030.639","1.022.208","","-0,51%"
"06/02/2024","1.029.978","1.027.205","1.032.452","1.023.432","","0,28%"
"05/02/2024","1.027.086","1.031.196","1.031.639","1.021.172","","-0,44%"
"02/02/2024","1.031.589","1.039.416","1.040.756","1.025.073","","-0,75%"
"01/02/2024","1.039.361","1.034.637","1.044.355","1.028.147","","0,46%"
"31/01/2024","1.034.609","1.034.189","1.041.393","1.030.180","","0,06%"
"30/01/2024","1.033.990","1.034.184","1.038.192","1.030.655","","-0,02%"
"29/01/2024","1.034.152","1.025.454","1.036.569","1.024.176","","1,02%"
"26/01/2024","1.023.750","1.027.840","1.030.556","1.021.561","","-0,36%"
"25/01/2024","1.027.427","1.019.320","1.044.271","1.017.600","","0,80%"
"24/01/2024","1.019.264","1.025.788","1.027.893","1.015.598","","-0,66%"
"23/01/2024","1.026.077","1.018.011","1.026.864","1.016.573","","0,82%"
"22/01/2024","1.017.760","1.018.308","1.022.376","1.015.067","","-0,12%"
"19/01/2024","1.019.022","1.016.223","1.022.845","1.015.136","","0,26%"
"18/01/2024","1.016.364","1.010.115","1.016.677","1.008.182","","0,58%"
"17/01/2024","1.010.465","1.019.441","1.021.189","1.006.608","","-0,89%"
"16/01/2024","1.019.540","1.027.666","1.029.105","1.017.921","","-0,80%"
"15/01/2024","1.027.808","1.022.724","1.028.733","1.022.156","","0,35%"
"12/01/2024","1.024.202","1.018.287","1.029.761","1.015.471","","0,58%"
"11/01/2024","1.018.254","1.014.065","1.019.036","1.008.554","","0,41%"
"10/01/2024","1.014.109","1.014.854","1.020.907","1.010.546","","-0,08%"
"09/01/2024","1.014.951","1.012.451","1.019.830","1.012.318","","0,24%"
"08/01/2024","1.012.561","1.019.004","1.019.976","1.006.987","","-0,68%"
"05/01/2024","1.019.506","1.019.677","1.027.010","1.013.293","","-0,05%"
"04/01/2024","1.020.064","1.022.128","1.025.426","1.017.404","","-0,21%"
"03/01/2024","1.022.221","1.026.741","1.029.925","1.015.780","","-0,44%"
"02/01/2024","1.026.723","1.021.311","1.034.952","1.020.646","","0,54%"
"01/01/2024","1.021.222","1.020.702","1.022.465","1.020.646","","0,05%"
"29/12/2023","1.020.696","1.031.823","1.034.861","1.020.264","","-1,07%"
"28/12/2023","1.031.698","1.028.320","1.035.445","1.026.389","","0,34%"
"27/12/2023","1.028.232","1.023.641","1.031.229","1.020.625","","0,47%"
"26/12/2023","1.023.455","1.021.827","1.025.589","1.018.347","","0,16%"
"25/12/2023","1.021.834","1.020.905","1.023.482","1.020.905","","0,04%"
"22/12/2023","1.021.383","1.019.464","1.028.454","1.016.624","","0,20%"
"21/12/2023","1.019.340","1.019.665","1.020.694","1.011.015","","-0,03%"
"20/12/2023","1.019.634","1.014.675","1.020.526","1.011.674","","0,48%"
"19/12/2023","1.014.759","1.007.379","1.019.239","1.006.947","","0,73%"
"18/12/2023","1.007.410","1.007.108","1.013.073","1.005.228","","-0,10%"
"15/12/2023","1.008.412","1.013.090","1.023.121","1.007.374","","-0,45%"
"14/12/2023","1.012.956","1.004.112","1.018.665","1.002.751","","0,95%"
"13/12/2023","1.003.455","992.607","1.006.115","886.453","","1,06%"
"12/12/2023","992.933","998.068","999.394","990.148","","-0,51%"
"11/12/2023","997.991","1.004.919","1.006.981","994.639","","-0,57%"
"08/12/2023","1.003.709","1.011.106","1.014.919","914.325","","-0,72%"
"07/12/2023","1.010.948","1.011.187","1.018.965","1.008.110","","-0,01%"
"06/12/2023","1.011.001","1.003.751","1.014.332","1.003.751","","0,73%"
"05/12/2023","1.003.641","1.012.562","1.015.861","999.685","","-0,86%"
"04/12/2023","1.012.346","1.050.946","1.050.946","1.007.458","","-1,39%"
"01/12/2023","1.026.567","1.020.516","1.028.210","1.012.949","","0,59%"
"30/11/2023","1.020.548","1.016.252","1.063.628","1.012.067","","0,43%"
"29/11/2023","1.016.205","1.009.306","1.017.432","925.826","","0,72%"
"28/11/2023","1.008.953","1.004.972","1.013.001","934.852","","0,43%"
"27/11/2023","1.004.683","1.000.108","1.007.272","973.226","","0,48%"
"24/11/2023","999.930","1.002.329","1.002.830","989.526","","-0,24%"
"23/11/2023","1.002.335","1.001.937","1.002.923","991.579","","0,04%"
"22/11/2023","1.001.953","997.184","1.006.010","996.083","","0,46%"
"21/11/2023","997.365","975.786","997.982","975.602","","1,74%"
"20/11/2023","980.344","979.042","984.275","973.996","","-0,19%"
"17/11/2023","982.229","986.888","991.616","981.021","","-0,47%"
"16/11/2023","986.911","978.213","991.606","976.755","","0,90%"
"15/11/2023","978.116","975.293","985.024","974.381","","0,27%"
"14/11/2023","975.440","981.619","986.895","974.396","","-0,62%"
"13/11/2023","981.490","979.026","983.664","976.016","","0,44%"
"10/11/2023","977.146","989.982","990.642","975.385","","-1,27%"
"09/11/2023","989.699","979.968","990.032","978.004","","1,00%"
"08/11/2023","979.884","990.830","992.774","978.549","","-1,10%"
"07/11/2023","990.780","989.637","991.525","984.997","","0,08%"
"06/11/2023","989.971","996.299","1.001.134","986.757","","-1,08%"
"03/11/2023","1.000.757","1.011.838","1.012.119","997.448","","-1,08%"
"02/11/2023","1.011.675","1.015.438","1.015.662","1.008.280","","-0,36%"
"01/11/2023","1.015.299","1.010.786","1.020.262","1.008.248","","0,44%"
"31/10/2023","1.010.881","1.016.780","1.025.590","1.010.134","","-0,61%"
"30/10/2023","1.017.132","1.024.601","1.028.130","1.015.510","","-0,91%"
"27/10/2023","1.026.484","1.016.334","1.027.690","1.010.874","","1,01%"
"26/10/2023","1.016.174","1.014.964","1.018.971","1.009.290","","0,06%"
"25/10/2023","1.015.522","1.006.777","1.015.866","1.002.455","","0,89%"
"24/10/2023","1.006.540","1.009.490","1.010.236","997.891","","-0,29%"
"23/10/2023","1.009.490","1.006.135","1.016.229","1.002.035","","-0,19%"
"20/10/2023","1.011.396","1.008.415","1.019.399","1.004.763","","0,29%"
"19/10/2023","1.008.474","992.012","1.009.752","988.889","","1,67%"
"18/10/2023","991.883","973.673","994.493","973.368","","1,88%"
"17/10/2023","973.610","967.830","976.696","965.049","","0,60%"
"16/10/2023","967.805","970.856","971.481","964.042","","-0,82%"
"13/10/2023","975.806","947.122","975.847","946.280","","3,04%"
"12/10/2023","947.011","946.636","950.405","944.253","","0,04%"
"11/10/2023","946.608","940.425","947.420","937.896","","0,66%"
"10/10/2023","940.427","940.894","942.025","937.460","","-0,02%"
"09/10/2023","940.642","927.476","940.824","926.655","","2,02%"
"06/10/2023","921.980","915.723","923.035","912.983","","0,68%"
"05/10/2023","915.733","914.105","917.675","911.208","","0,18%"
"04/10/2023","914.105","916.049","920.104","911.694","","-0,25%"
"03/10/2023","916.377","911.977","919.742","908.530","","0,46%"
"02/10/2023","912.144","918.472","921.935","909.937","","-0,95%"
"29/09/2023","920.863","929.139","934.445","920.286","","-0,88%"
"28/09/2023","929.066","940.308","941.523","926.999","","-1,19%"
"27/09/2023","940.286","947.639","948.819","937.373","","-0,77%"
"26/09/2023","947.608","949.580","954.000","946.065","","-0,20%"
"25/09/2023","949.527","951.374","954.216","947.377","","-0,13%"
"22/09/2023","950.752","951.906","953.555","949.944","","-0,11%"
"21/09/2023","951.812","953.382","955.368","947.115","","-0,16%"
"20/09/2023","953.308","955.813","962.590","952.463","","-0,26%"
"19/09/2023","955.818","956.576","957.664","954.324","","-0,07%"
"18/09/2023","956.511","949.401","956.699","949.319","","0,67%"
"15/09/2023","950.170","945.775","953.874","944.717","","0,47%"
"14/09/2023","945.770","942.950","946.302","939.844","","0,30%"
"13/09/2023","942.903","944.587","946.226","940.896","","-0,18%"
"12/09/2023","944.584","948.604","948.959","942.708","","-0,41%"
"11/09/2023","948.477","945.447","952.847","945.286","","-0,06%"
"08/09/2023","949.035","947.655","952.281","947.089","","0,15%"
"07/09/2023","947.617","945.718","948.404","944.769","","0,15%"
"06/09/2023","946.189","949.013","949.340","944.009","","-0,29%"
"05/09/2023","948.978","948.956","951.410","946.295","","-0,01%"
"04/09/2023","949.067","950.885","953.849","946.504","","-0,28%"
"01/09/2023","951.766","950.486","956.046","948.196","","0,17%"
"31/08/2023","950.151","951.575","954.329","948.778","","-0,15%"
"30/08/2023","951.592","946.357","952.205","945.752","","0,55%"
"29/08/2023","946.348","942.712","947.614","939.807","","0,39%"
"28/08/2023","942.633","941.621","944.056","939.413","","0,08%"
"25/08/2023","941.840","939.093","945.086","936.519","","0,29%"
"24/08/2023","939.077","943.493","946.543","937.325","","-0,48%"
"23/08/2023","943.578","935.392","944.629","935.392","","0,87%"
"22/08/2023","935.441","933.581","938.252","931.001","","0,20%"
"21/08/2023","933.550","928.854","935.245","926.466","","0,29%"
"18/08/2023","930.826","934.033","935.818","929.088","","-0,35%"
"17/08/2023","934.133","935.474","938.134","929.919","","-0,15%"
"16/08/2023","935.557","936.405","939.022","934.255","","-0,14%"
"15/08/2023","936.849","941.735","941.735","935.858","","-0,51%"
"14/08/2023","941.672","942.886","943.647","938.114","","-0,13%"
"11/08/2023","942.858","938.446","944.450","935.634","","0,53%"
"10/08/2023","937.923","937.510","940.621","933.105","","0,04%"
"09/08/2023","937.520","941.772","944.007","935.416","","-0,44%"
"08/08/2023","941.696","949.070","949.195","939.552","","-0,67%"
"07/08/2023","948.046","948.155","949.178","943.975","","0,16%"
"04/08/2023","946.532","944.117","947.686","942.095","","0,38%"
"03/08/2023","942.984","947.783","948.255","938.167","","-0,52%"
"02/08/2023","947.884","950.064","953.569","943.615","","-0,25%"
"01/08/2023","950.298","954.169","954.470","944.390","","-0,41%"
"31/07/2023","954.199","950.220","956.794","947.077","","0,24%"
"28/07/2023","951.877","945.612","951.877","943.290","","0,66%"
"27/07/2023","945.597","951.940","956.163","939.165","","-0,66%"
"26/07/2023","951.905","950.217","955.714","948.104","","0,18%"
"25/07/2023","950.218","944.518","950.579","942.742","","0,60%"
"24/07/2023","944.550","947.249","951.612","943.248","","-0,46%"
"21/07/2023","948.904","954.641","955.012","945.976","","-0,61%"
"20/07/2023","954.731","953.771","958.038","949.635","","0,04%"
"19/07/2023","954.353","953.160","956.009","949.452","","0,14%"
"18/07/2023","953.036","942.109","955.181","941.260","","1,16%"
"17/07/2023","942.083","939.198","946.267","928.267","","-0,13%"
"14/07/2023","943.269","942.973","944.782","856.520","","0,05%"
"13/07/2023","942.752","940.039","945.716","938.872","","0,28%"
"12/07/2023","940.087","942.442","943.105","933.840","","-0,25%"
"11/07/2023","942.426","942.132","945.308","938.016","","0,26%"
"10/07/2023","939.956","936.796","943.509","935.300","","0,17%"
"07/07/2023","938.371","933.559","942.589","929.605","","0,51%"
"06/07/2023","933.604","929.627","934.193","924.471","","0,39%"
"05/07/2023","930.012","930.320","936.397","926.542","","-0,03%"
"04/07/2023","930.249","930.381","931.698","928.223","","-0,02%"
"03/07/2023","930.475","924.588","933.630","923.697","","0,24%"
"30/06/2023","928.273","924.907","929.366","921.216","","0,35%"
"29/06/2023","925.023","920.135","925.834","914.987","","0,52%"
"28/06/2023","920.230","923.022","925.496","917.946","","-0,31%"
"27/06/2023","923.051","930.053","930.886","917.220","","-0,75%"
"26/06/2023","929.999","928.264","936.050","928.039","","0,08%"
"23/06/2023","929.228","919.803","936.075","919.682","","1,03%"
"22/06/2023","919.740","929.533","929.561","918.639","","-1,06%"
"21/06/2023","929.614","935.477","936.913","922.425","","-0,61%"
"20/06/2023","935.349","942.529","944.894","931.644","","-0,76%"
"19/06/2023","942.522","939.830","944.350","939.380","","0,07%"
"16/06/2023","941.833","938.341","945.046","937.887","","0,37%"
"15/06/2023","938.386","932.787","940.208","927.555","","0,59%"
"14/06/2023","932.906","929.775","938.273","929.197","","0,35%"
"13/06/2023","929.628","937.506","941.104","927.548","","-0,84%"
"12/06/2023","937.504","935.039","939.992","932.580","","-0,12%"
"09/06/2023","938.674","937.818","939.755","935.079","","0,09%"
"08/06/2023","937.834","931.279","940.882","930.678","","0,69%"
"07/06/2023","931.363","939.252","940.008","928.069","","-0,84%"
"06/06/2023","939.255","936.856","940.342","933.630","","0,25%"
"05/06/2023","936.875","939.501","939.501","888.427","","0,38%"
"02/06/2023","933.312","948.240","948.675","931.307","","-1,54%"
"01/06/2023","947.939","947.761","950.547","938.862","","0,02%"
"31/05/2023","947.792","943.698","951.993","941.893","","0,43%"
"30/05/2023","943.734","934.470","945.771","930.662","","0,99%"
"29/05/2023","934.512","934.553","937.977","933.377","","-0,01%"
"28/05/2023","934.638","939.264","939.264","934.541","","-0,48%"
"26/05/2023","939.139","934.685","942.039","932.504","","0,53%"
"25/05/2023","934.148","942.094","944.239","933.040","","-0,86%"
"24/05/2023","942.238","946.366","950.118","938.804","","-0,43%"
"23/05/2023","946.277","943.323","947.477","934.976","","0,33%"
"22/05/2023","943.159","950.424","951.245","942.537","","-0,78%"
"21/05/2023","950.543","949.780","951.513","949.780","","0,08%"
"19/05/2023","949.780","939.672","953.209","936.549","","1,08%"
"18/05/2023","939.640","948.311","948.614","935.322","","-0,91%"
"17/05/2023","948.237","952.775","953.467","945.063","","-0,46%"
"16/05/2023","952.636","958.568","960.943","948.632","","-0,62%"
"15/05/2023","958.540","953.027","962.409","952.644","","0,58%"
"14/05/2023","953.034","953.647","954.564","952.172","","-0,07%"
"12/05/2023","953.689","954.613","958.806","948.971","","-0,08%"
"11/05/2023","954.438","961.749","965.184","952.522","","-0,76%"
"10/05/2023","961.774","964.638","969.366","957.361","","-0,27%"
"09/05/2023","964.373","955.265","964.906","954.592","","0,95%"
"08/05/2023","955.309","951.278","959.043","950.911","","0,44%"
"07/05/2023","951.145","951.548","951.777","950.412","","-0,04%"
"05/05/2023","951.527","967.441","968.968","943.500","","-1,65%"
"04/05/2023","967.510","969.151","971.787","957.232","","-0,16%"
"03/05/2023","969.034","953.131","977.874","948.724","","1,68%"
"02/05/2023","953.033","934.714","954.587","934.670","","1,98%"
"01/05/2023","934.502","937.032","946.098","932.587","","-0,28%"
"30/04/2023","937.120","938.617","939.467","937.090","","-0,15%"
"28/04/2023","938.532","939.380","941.256","932.475","","-0,08%"
"27/04/2023","939.284","949.999","951.250","933.629","","-1,12%"
"26/04/2023","949.944","954.860","960.279","946.176","","-0,50%"
"25/04/2023","954.732","952.250","956.374","943.429","","0,25%"
"24/04/2023","952.366","947.196","952.618","942.361","","0,54%"
"23/04/2023","947.294","946.428","947.542","945.706","","0,09%"
"21/04/2023","946.428","957.117","957.117","941.529","","-1,12%"
"20/04/2023","957.176","951.565","960.293","950.193","","0,59%"
"19/04/2023","951.550","957.488","958.452","940.134","","-0,60%"
"18/04/2023","957.295","948.142","960.145","947.894","","0,96%"
"17/04/2023","948.157","946.582","957.820","942.537","","0,16%"
"16/04/2023","946.607","947.216","947.518","944.622","","-0,08%"
"14/04/2023","947.400","967.400","970.232","941.739","","-2,07%"
"13/04/2023","967.419","965.533","971.088","958.062","","0,19%"
"12/04/2023","965.563","959.373","969.789","958.079","","0,65%"
"11/04/2023","959.306","954.694","960.445","952.923","","0,49%"
"10/04/2023","954.592","961.677","961.677","950.241","","-0,72%"
"09/04/2023","961.533","962.908","963.802","957.136","","-0,14%"
"07/04/2023","962.908","962.908","963.354","962.908","","0,00%"
"06/04/2023","962.908","969.503","969.534","959.420","","-0,68%"
"05/04/2023","969.506","968.373","975.050","964.767","","0,11%"
"04/04/2023","968.432","955.275","969.863","947.715","","1,37%"
"03/04/2023","955.347","943.544","957.990","940.343","","1,22%"
"02/04/2023","943.859","949.294","949.332","943.844","","-0,60%"
"31/03/2023","949.535","957.140","959.631","948.251","","-0,79%"
"30/03/2023","957.080","951.008","959.818","947.259","","0,65%"
"29/03/2023","950.903","956.665","956.968","949.689","","-0,59%"
"28/03/2023","956.499","954.465","958.053","945.562","","0,21%"
"27/03/2023","954.458","962.646","964.939","947.973","","-0,85%"
"26/03/2023","962.665","963.913","964.373","959.990","","-0,11%"
"24/03/2023","963.752","982.632","984.040","962.570","","-1,92%"
"23/03/2023","982.663","971.799","988.203","970.310","","1,12%"
"22/03/2023","971.757","958.878","975.328","954.981","","1,38%"
"21/03/2023","958.510","976.374","979.388","954.981","","-1,80%"
"20/03/2023","976.128","975.223","992.871","971.108","","0,09%"
"19/03/2023","975.221","981.360","981.360","974.469","","-0,61%"
"17/03/2023","981.237","950.120","981.237","948.746","","3,28%"
"16/03/2023","950.115","949.158","956.007","943.012","","0,09%"
"15/03/2023","949.219","941.097","956.779","931.688","","0,81%"
"14/03/2023","941.604","944.487","946.285","938.116","","-0,33%"
"13/03/2023","944.680","931.935","945.654","924.726","","1,34%"
"12/03/2023","932.191","927.556","940.874","927.556","","0,50%"
"10/03/2023","927.556","908.301","928.958","907.730","","2,13%"
"09/03/2023","908.255","900.723","910.152","899.243","","0,83%"
"08/03/2023","900.816","895.201","905.275","894.058","","0,62%"
"07/03/2023","895.243","907.559","913.910","894.710","","-1,40%"
"06/03/2023","907.969","910.809","914.022","907.483","","-0,36%"
"05/03/2023","911.237","912.614","912.705","911.179","","-0,15%"
"03/03/2023","912.614","903.919","913.142","902.926","","1,08%"
"02/03/2023","902.840","899.509","903.231","897.052","","0,36%"
"01/03/2023","899.626","894.931","903.298","893.955","","0,50%"
"28/02/2023","895.158","892.154","897.722","885.476","","0,33%"
"27/02/2023","892.171","887.123","893.570","886.502","","0,59%"
"26/02/2023","886.917","886.506","887.526","886.506","","0,05%"
"24/02/2023","886.506","890.605","893.765","885.547","","-0,44%"
"23/02/2023","890.453","891.234","895.199","887.916","","-0,18%"
"22/02/2023","892.015","896.529","902.027","891.492","","-0,51%"
"21/02/2023","896.553","897.177","900.481","893.932","","-0,11%"
"20/02/2023","897.567","898.751","900.234","897.066","","-0,13%"
"19/02/2023","898.741","900.505","900.721","898.678","","-0,20%"
"17/02/2023","900.505","892.869","901.070","889.118","","0,74%"
"16/02/2023","893.900","898.237","900.615","890.670","","-0,42%"
"15/02/2023","897.675","904.113","907.252","895.060","","-0,71%"
"14/02/2023","904.052","905.926","911.101","898.746","","-0,22%"
"13/02/2023","906.013","906.315","912.600","904.115","","-0,05%"
"12/02/2023","906.436","907.813","908.200","906.363","","-0,15%"
"10/02/2023","907.813","903.195","910.552","902.254","","0,44%"
"09/02/2023","903.854","910.277","917.127","902.289","","-0,72%"
"08/02/2023","910.409","911.911","915.543","907.486","","-0,18%"
"07/02/2023","912.018","904.474","916.878","904.414","","0,85%"
"06/02/2023","904.354","893.304","910.451","892.418","","1,25%"
"05/02/2023","893.148","893.416","895.307","891.127","","-0,03%"
"03/02/2023","893.416","916.102","919.921","891.525","","-2,49%"
"02/02/2023","916.206","941.239","942.246","914.540","","-2,54%"
"01/02/2023","940.131","928.900","941.759","925.021","","1,22%"
"31/01/2023","928.828","924.914","930.579","916.228","","0,40%"
"30/01/2023","925.086","929.305","931.321","924.517","","-0,45%"
"29/01/2023","929.235","929.010","929.250","927.826","","0,02%"
"27/01/2023","929.010","927.896","932.187","924.215","","0,13%"
"26/01/2023","927.836","937.757","937.881","922.649","","-1,03%"
"25/01/2023","937.463","927.640","937.651","924.298","","1,12%"
"24/01/2023","927.095","936.489","938.502","918.350","","-0,96%"
"23/01/2023","936.127","934.258","937.997","926.739","","0,23%"
"22/01/2023","933.987","933.625","934.082","932.549","","0,04%"
"20/01/2023","933.625","937.928","940.064","930.987","","-0,49%"
"19/01/2023","938.215","924.984","939.650","922.389","","1,42%"
"18/01/2023","925.075","930.615","934.067","919.682","","-0,59%"
"17/01/2023","930.551","927.765","934.378","925.345","","0,30%"
"16/01/2023","927.750","933.568","937.051","924.365","","-0,62%"
"15/01/2023","933.553","935.116","935.160","933.553","","-0,16%"
"13/01/2023","935.083","935.956","937.308","922.255","","-0,10%"
"12/01/2023","936.019","934.338","937.520","925.886","","0,17%"
"11/01/2023","934.421","939.847","940.268","929.615","","-0,58%"
"10/01/2023","939.894","936.057","941.420","934.951","","0,39%"
"09/01/2023","936.261","939.763","942.390","935.576","","-0,36%"
"08/01/2023","939.638","937.841","939.792","937.513","","0,19%"
"06/01/2023","937.841","919.719","939.717","919.048","","1,97%"
"05/01/2023","919.752","929.607","932.021","915.973","","-1,06%"
"04/01/2023","929.576","920.939","934.658","920.939","","0,92%"
"03/01/2023","921.095","915.897","928.012","914.760","","0,59%"
"02/01/2023","915.688","912.895","916.403","908.351","","0,31%"
"01/01/2023","912.895","912.691","912.895","912.691","","0,02%"
"30/12/2022","912.691","913.797","915.391","907.819","","-0,11%"
"29/12/2022","913.733","911.784","916.801","908.397","","0,23%"
"28/12/2022","911.680","912.638","915.587","907.392","","-0,11%"
"27/12/2022","912.717","905.450","922.850","905.122","","0,79%"
"26/12/2022","905.585","901.477","906.701","901.477","","0,46%"
"25/12/2022","901.477","901.215","901.477","901.215","","0,03%"
"23/12/2022","901.215","898.939","903.840","897.474","","0,29%"
"22/12/2022","898.596","909.484","913.292","894.373","","-1,21%"
"21/12/2022","909.562","911.623","913.552","907.984","","-0,22%"
"20/12/2022","911.587","896.193","913.526","895.028","","1,71%"
"19/12/2022","896.264","898.354","902.134","894.664","","-0,23%"
"18/12/2022","898.298","899.134","899.458","897.668","","-0,09%"
"16/12/2022","899.134","891.895","899.757","890.071","","0,80%"
"15/12/2022","892.030","906.205","906.252","891.113","","-1,57%"
"14/12/2022","906.218","911.003","912.474","901.137","","-0,52%"
"13/12/2022","910.911","895.425","918.252","894.956","","1,73%"
"12/12/2022","895.440","898.986","902.082","893.194","","-0,42%"
"11/12/2022","899.235","900.404","900.404","899.235","","-0,13%"
"09/12/2022","900.404","898.605","904.750","896.399","","0,20%"
"08/12/2022","898.610","898.578","901.287","893.101","","0,01%"
"07/12/2022","898.484","889.182","900.141","887.988","","1,03%"
"06/12/2022","889.281","879.631","894.164","879.406","","1,07%"
"05/12/2022","879.890","892.897","897.334","878.209","","-1,38%"
"04/12/2022","892.234","891.725","892.419","890.167","","0,06%"
"02/12/2022","891.725","901.894","903.995","882.407","","-1,12%"
"01/12/2022","901.862","897.207","902.858","887.827","","0,54%"
"30/11/2022","896.979","885.012","896.979","883.355","","1,33%"
"29/11/2022","885.185","879.871","890.128","879.853","","0,57%"
"28/11/2022","880.161","882.440","891.434","879.485","","-0,24%"
"27/11/2022","882.252","884.313","885.037","881.889","","-0,31%"
"25/11/2022","885.039","884.266","887.413","879.882","","0,10%"
"24/11/2022","884.145","884.013","885.719","881.549","","0,05%"
"23/11/2022","883.730","878.848","883.903","873.380","","0,57%"
"22/11/2022","878.736","878.313","882.993","876.655","","0,06%"
"21/11/2022","878.240","883.912","884.148","875.321","","-0,64%"
"20/11/2022","883.864","882.947","883.897","882.897","","0,09%"
"18/11/2022","883.112","888.178","891.364","881.481","","-0,29%"
"17/11/2022","885.687","889.807","892.727","883.547","","-0,43%"
"16/11/2022","889.501","889.864","895.209","886.119","","-0,03%"
"15/11/2022","889.739","882.899","892.303","881.704","","0,79%"
"14/11/2022","882.806","878.241","885.568","874.768","","0,49%"
"13/11/2022","878.536","882.084","882.490","877.730","","-0,40%"
"11/11/2022","882.084","884.126","884.487","870.719","","-0,22%"
"10/11/2022","884.033","859.065","886.394","858.595","","2,89%"
"09/11/2022","859.205","863.567","866.628","857.201","","-0,53%"
"08/11/2022","863.813","845.315","866.439","840.224","","2,17%"
"07/11/2022","845.472","846.368","849.053","841.884","","-0,12%"
"06/11/2022","846.489","850.706","850.727","846.294","","-0,50%"
"04/11/2022","850.706","822.559","850.799","822.354","","3,42%"
"03/11/2022","822.544","822.120","826.342","815.978","","0,06%"
"02/11/2022","822.041","827.436","839.473","821.040","","-0,65%"
"01/11/2022","827.385","818.105","832.289","818.105","","1,07%"
"31/10/2022","818.666","822.192","825.064","818.385","","-0,38%"
"30/10/2022","821.810","822.457","822.612","821.181","","-0,08%"
"28/10/2022","822.434","831.772","834.223","819.346","","-1,11%"
"27/10/2022","831.678","834.349","836.285","828.814","","-0,35%"
"26/10/2022","834.581","830.180","838.277","828.775","","0,53%"
"25/10/2022","830.177","827.707","834.020","823.056","","0,29%"
"24/10/2022","827.794","834.525","835.104","823.960","","-0,86%"
"23/10/2022","834.988","833.136","838.652","832.709","","0,20%"
"21/10/2022","833.302","814.743","833.302","812.742","","2,30%"
"20/10/2022","814.554","810.824","823.770","809.352","","0,45%"
"19/10/2022","810.873","821.689","822.319","810.587","","-1,31%"
"18/10/2022","821.658","822.032","825.322","818.534","","-0,03%"
"17/10/2022","821.921","817.003","830.443","816.694","","0,58%"
"16/10/2022","817.219","815.332","817.219","815.332","","0,24%"
"14/10/2022","815.267","821.318","827.450","813.682","","-0,78%"
"13/10/2022","821.671","826.691","830.615","811.625","","-0,63%"
"12/10/2022","826.879","821.918","828.520","820.705","","0,62%"
"11/10/2022","821.767","822.202","831.225","820.017","","-0,05%"
"10/10/2022","822.174","832.015","832.268","820.199","","-1,17%"
"09/10/2022","831.949","831.244","833.534","831.110","","0,07%"
"07/10/2022","831.365","835.935","840.803","829.670","","-0,55%"
"06/10/2022","835.975","839.355","842.855","833.779","","-0,41%"
"05/10/2022","839.446","845.626","845.962","831.049","","-0,76%"
"04/10/2022","845.901","836.848","847.731","833.171","","1,10%"
"03/10/2022","836.680","814.747","837.552","814.656","","2,68%"
"02/10/2022","814.808","813.035","815.265","813.035","","0,20%"
"30/09/2022","813.194","816.696","820.092","811.854","","-0,44%"
"29/09/2022","816.757","813.043","817.063","805.330","","0,48%"
"28/09/2022","812.843","791.829","815.781","789.455","","2,63%"
"27/09/2022","792.026","791.847","798.435","791.058","","0,00%"
"26/09/2022","792.011","794.837","802.125","787.860","","-0,37%"
"25/09/2022","794.962","794.954","795.518","793.190","","0,03%"
"23/09/2022","794.713","807.746","809.212","792.858","","-1,61%"
"22/09/2022","807.686","803.697","813.348","798.947","","0,50%"
"21/09/2022","803.673","802.726","813.674","798.197","","0,12%"
"20/09/2022","802.714","807.219","808.592","799.946","","-0,53%"
"19/09/2022","806.986","806.861","807.123","799.583","","0,04%"
"18/09/2022","806.669","805.329","807.600","804.983","","0,15%"
"16/09/2022","805.466","796.301","807.614","795.473","","1,14%"
"15/09/2022","796.405","813.592","813.739","795.544","","-2,12%"
"14/09/2022","813.651","812.823","818.109","810.697","","0,10%"
"13/09/2022","812.842","823.492","826.828","810.509","","-1,28%"
"12/09/2022","823.360","819.105","827.916","815.612","","0,50%"
"11/09/2022","819.245","818.583","820.144","818.583","","0,04%"
"09/09/2022","818.914","819.358","824.400","816.139","","-0,06%"
"08/09/2022","819.407","823.327","827.605","816.249","","-0,47%"
"07/09/2022","823.309","815.274","824.595","808.274","","0,99%"
"06/09/2022","815.244","821.217","827.305","813.629","","-0,73%"
"05/09/2022","821.217","818.262","822.281","817.974","","0,38%"
"04/09/2022","818.113","820.249","820.249","818.113","","-0,26%"
"02/09/2022","820.253","812.049","822.761","811.900","","0,99%"
"01/09/2022","812.230","815.480","817.496","808.254","","-0,38%"
"31/08/2022","815.299","822.378","824.294","814.573","","-0,87%"
"30/08/2022","822.423","833.189","833.606","821.445","","-1,30%"
"29/08/2022","833.294","826.468","835.740","821.334","","0,83%"
"28/08/2022","826.468","827.946","828.176","826.165","","-0,18%"
"26/08/2022","827.991","837.203","837.885","826.253","","-1,09%"
"25/08/2022","837.119","835.810","841.235","835.427","","0,15%"
"24/08/2022","835.882","833.007","838.167","831.766","","0,35%"
"23/08/2022","832.927","830.737","836.529","825.723","","0,29%"
"22/08/2022","830.559","832.784","836.648","827.147","","-0,27%"
"21/08/2022","832.784","833.586","833.912","832.545","","-0,10%"
"19/08/2022","833.586","838.664","840.155","832.844","","-0,60%"
"18/08/2022","838.631","837.760","845.215","837.502","","0,08%"
"17/08/2022","837.997","843.052","846.089","835.619","","-0,60%"
"16/08/2022","843.047","842.978","846.812","841.200","","0,01%"
"15/08/2022","842.976","848.486","850.522","840.470","","-0,64%"
"14/08/2022","848.426","849.933","849.952","848.426","","-0,18%"
"12/08/2022","849.980","849.390","849.980","841.822","","0,06%"
"11/08/2022","849.458","856.910","857.059","847.684","","-0,85%"
"10/08/2022","856.716","856.745","863.706","855.060","","0,00%"
"09/08/2022","856.723","855.843","859.291","852.054","","0,10%"
"08/08/2022","855.873","849.567","856.498","848.018","","0,74%"
"07/08/2022","849.558","849.986","849.986","848.158","","-0,06%"
"05/08/2022","850.064","861.098","861.659","845.388","","-1,26%"
"04/08/2022","860.933","845.628","861.740","845.539","","1,81%"
"03/08/2022","845.643","841.128","849.881","840.756","","0,54%"
"02/08/2022","841.134","847.435","856.066","840.324","","-0,73%"
"01/08/2022","847.346","840.320","848.649","839.758","","0,83%"
"31/07/2022","840.381","842.264","842.264","839.876","","-0,23%"
"29/07/2022","842.327","842.626","844.068","835.937","","-0,02%"
"28/07/2022","842.533","839.201","843.537","833.711","","0,40%"
"27/07/2022","839.216","828.410","839.771","826.921","","1,31%"
"26/07/2022","828.397","829.032","833.208","826.560","","-0,06%"
"25/07/2022","828.907","832.660","837.159","827.097","","-0,47%"
"24/07/2022","832.833","834.172","834.256","832.578","","-0,16%"
"22/07/2022","834.138","830.486","839.478","827.342","","0,43%"
"21/07/2022","830.576","816.849","831.418","812.597","","1,66%"
"20/07/2022","817.008","823.553","825.928","815.755","","-0,78%"
"19/07/2022","823.461","822.999","827.417","821.575","","0,07%"
"18/07/2022","822.924","824.252","830.131","822.310","","-0,17%"
"17/07/2022","824.288","823.187","824.528","822.474","","0,13%"
"15/07/2022","823.191","825.192","827.541","819.265","","-0,23%"
"14/07/2022","825.127","834.729","835.599","818.396","","-1,12%"
"13/07/2022","834.459","831.462","840.814","823.263","","0,36%"
"12/07/2022","831.458","834.373","837.981","829.656","","-0,36%"
"11/07/2022","834.432","838.682","839.241","833.516","","-0,53%"
"10/07/2022","838.862","839.188","840.030","838.158","","-0,02%"
"08/07/2022","839.003","839.904","843.093","835.192","","-0,10%"
"07/07/2022","839.836","838.857","843.225","837.112","","0,10%"
"06/07/2022","839.037","852.534","855.690","835.299","","-1,58%"
"05/07/2022","852.504","870.719","873.157","850.165","","-2,11%"
"04/07/2022","870.839","868.646","872.431","867.182","","0,27%"
"03/07/2022","868.481","869.853","870.344","868.481","","-0,11%"
"01/07/2022","869.421","865.411","869.421","857.203","","0,47%"
"30/06/2022","865.396","868.405","873.415","863.623","","-0,35%"
"29/06/2022","868.473","867.445","874.947","866.127","","0,12%"
"28/06/2022","867.475","867.754","872.649","867.416","","-0,04%"
"27/06/2022","867.834","874.280","876.671","866.612","","-0,71%"
"26/06/2022","874.006","872.212","876.478","872.212","","0,18%"
"24/06/2022","872.404","870.489","874.295","868.089","","0,23%"
"23/06/2022","870.427","878.030","879.908","869.402","","-0,84%"
"22/06/2022","877.837","872.000","882.889","870.309","","0,64%"
"21/06/2022","872.249","877.016","878.470","870.975","","-0,55%"
"20/06/2022","877.062","876.099","880.428","875.055","","0,08%"
"19/06/2022","876.362","876.649","877.003","874.602","","-0,04%"
"17/06/2022","876.720","878.755","882.870","873.252","","-0,25%"
"16/06/2022","878.902","869.566","881.904","862.555","","1,12%"
"15/06/2022","869.203","855.762","872.476","854.895","","1,57%"
"14/06/2022","855.777","859.654","866.387","853.044","","-0,40%"
"13/06/2022","859.250","878.374","881.008","855.550","","-2,14%"
"12/06/2022","878.069","875.641","878.956","875.641","","0,28%"
"10/06/2022","875.606","864.800","877.647","854.625","","1,25%"
"09/06/2022","864.823","863.347","868.340","861.605","","0,18%"
"08/06/2022","863.247","861.550","866.391","859.155","","0,21%"
"07/06/2022","861.434","854.579","862.359","853.659","","0,80%"
"06/06/2022","854.617","859.580","863.462","854.329","","-0,58%"
"05/06/2022","859.620","859.257","860.230","858.829","","0,04%"
"03/06/2022","859.257","870.710","872.527","857.595","","-1,31%"
"02/06/2022","870.661","865.426","870.992","859.924","","0,61%"
"01/06/2022","865.382","860.891","867.161","857.319","","0,51%"
"31/05/2022","860.950","867.090","870.807","860.454","","-0,71%"
"30/05/2022","867.063","866.909","871.804","866.533","","0,02%"
"29/05/2022","866.923","868.759","868.818","866.332","","-0,22%"
"27/05/2022","868.794","871.614","873.209","867.656","","-0,33%"
"26/05/2022","871.679","872.375","872.375","866.417","","-0,06%"
"25/05/2022","872.243","880.078","880.344","867.243","","-0,89%"
"24/05/2022","880.095","874.702","881.106","871.495","","0,63%"
"23/05/2022","874.585","869.626","879.794","869.626","","0,58%"
"22/05/2022","869.524","869.960","871.176","868.834","","-0,04%"
"20/05/2022","869.880","872.827","873.077","863.296","","-0,31%"
"19/05/2022","872.575","857.809","875.773","856.155","","1,74%"
"18/05/2022","857.691","854.623","861.554","852.838","","0,37%"
"17/05/2022","854.564","858.397","864.627","853.809","","-0,43%"
"16/05/2022","858.294","851.850","859.186","840.087","","0,79%"
"15/05/2022","851.587","851.233","852.360","850.316","","0,04%"
"13/05/2022","851.280","855.048","859.730","845.918","","-0,41%"
"12/05/2022","854.800","867.981","869.971","851.808","","-1,48%"
"11/05/2022","867.656","858.179","869.563","857.524","","1,10%"
"10/05/2022","858.226","867.904","872.590","858.179","","-1,14%"
"09/05/2022","868.139","876.837","877.242","866.841","","-0,99%"
"08/05/2022","876.837","878.086","878.721","876.315","","-0,12%"
"06/05/2022","877.869","873.868","881.911","870.037","","0,49%"
"05/05/2022","873.589","882.780","889.913","873.111","","-1,04%"
"04/05/2022","882.809","870.603","882.824","867.645","","1,35%"
"03/05/2022","871.025","868.704","875.155","862.616","","0,29%"
"02/05/2022","868.486","884.390","884.621","864.949","","-1,81%"
"01/05/2022","884.519","884.099","885.487","883.889","","0,02%"
"29/04/2022","884.360","883.563","894.581","883.143","","0,10%"
"28/04/2022","883.520","874.262","884.056","872.592","","1,05%"
"27/04/2022","874.348","883.423","884.022","872.431","","-1,03%"
"26/04/2022","883.464","882.899","885.282","878.530","","0,05%"
"25/04/2022","882.992","892.029","895.408","879.739","","-1,03%"
"24/04/2022","892.209","891.583","892.865","890.763","","0,06%"
"22/04/2022","891.687","899.579","902.549","889.488","","-0,90%"
"21/04/2022","899.828","903.477","903.477","893.430","","-0,39%"
"20/04/2022","903.308","898.860","903.816","894.725","","0,49%"
"19/04/2022","898.918","912.251","913.784","896.551","","-1,49%"
"18/04/2022","912.552","916.527","922.026","912.057","","-0,47%"
"17/04/2022","916.896","910.724","916.896","909.481","","0,68%"
"15/04/2022","910.724","910.061","911.085","910.029","","0,07%"
"14/04/2022","910.061","913.215","914.278","904.561","","-0,33%"
"13/04/2022","913.099","907.839","914.966","906.432","","0,58%"
"12/04/2022","907.796","901.948","913.326","900.428","","0,65%"
"11/04/2022","901.955","897.954","909.440","896.305","","0,45%"
"10/04/2022","897.937","899.194","900.045","897.364","","-0,15%"
"08/04/2022","899.268","892.366","899.407","890.310","","0,76%"
"07/04/2022","892.468","888.196","894.334","886.719","","0,49%"
"06/04/2022","888.095","885.767","891.986","884.218","","0,25%"
"05/04/2022","885.882","891.501","896.843","884.849","","-0,62%"
"04/04/2022","891.414","888.889","893.812","884.980","","0,26%"
"03/04/2022","889.104","889.343","889.644","887.610","","-0,02%"
"01/04/2022","889.274","894.628","895.557","886.111","","-0,62%"
"31/03/2022","894.858","891.862","900.735","886.062","","0,34%"
"30/03/2022","891.804","884.927","893.706","884.135","","0,75%"
"29/03/2022","885.138","888.479","890.667","873.403","","-0,38%"
"28/03/2022","888.479","902.422","902.737","885.463","","-1,55%"
"27/03/2022","902.479","902.594","903.127","901.389","","-0,01%"
"25/03/2022","902.594","904.016","905.637","896.270","","-0,15%"
"24/03/2022","903.973","897.617","906.785","894.230","","0,71%"
"23/03/2022","897.579","886.011","898.421","884.197","","1,30%"
"22/03/2022","886.058","892.321","894.937","882.223","","-0,71%"
"21/03/2022","892.381","884.885","894.285","884.390","","0,87%"
"20/03/2022","884.698","885.874","888.097","884.598","","-0,13%"
"18/03/2022","885.874","893.887","894.881","884.498","","-0,90%"
"17/03/2022","893.892","886.672","896.367","886.142","","0,80%"
"16/03/2022","886.829","883.386","887.802","872.885","","0,35%"
"15/03/2022","883.738","899.450","899.450","879.099","","-1,76%"
"14/03/2022","899.607","907.783","911.778","898.784","","-0,91%"
"13/03/2022","907.851","913.587","914.230","907.208","","-0,63%"
"11/03/2022","913.587","916.558","918.263","901.072","","-0,31%"
"10/03/2022","916.395","917.953","922.402","905.859","","-0,18%"
"09/03/2022","918.038","946.238","951.717","912.688","","-2,97%"
"08/03/2022","946.112","926.013","957.625","918.083","","2,18%"
"07/03/2022","925.912","920.555","927.454","908.984","","0,65%"
"06/03/2022","919.966","911.448","920.809","911.448","","0,93%"
"04/03/2022","911.448","895.387","911.563","892.716","","1,83%"
"03/03/2022","895.052","892.250","897.790","889.270","","0,32%"
"02/03/2022","892.217","895.452","900.739","886.079","","-0,35%"
"01/03/2022","895.331","880.496","898.256","877.785","","1,69%"
"28/02/2022","880.439","882.263","886.517","873.471","","-0,18%"
"27/02/2022","882.005","872.580","889.982","872.580","","1,08%"
"25/02/2022","872.580","881.734","887.520","869.943","","-1,00%"
"24/02/2022","881.360","880.853","912.656","869.974","","0,05%"
"23/02/2022","880.940","876.673","881.130","871.147","","0,49%"
"22/02/2022","876.633","879.668","884.067","873.789","","-0,34%"
"21/02/2022","879.651","877.676","881.729","869.694","","0,24%"
"20/02/2022","877.518","874.366","878.220","874.366","","0,36%"
"18/02/2022","874.366","874.669","875.730","869.222","","-0,03%"
"17/02/2022","874.650","857.332","874.871","856.548","","2,03%"
"16/02/2022","857.279","852.119","858.377","848.820","","0,60%"
"15/02/2022","852.152","862.000","864.584","848.410","","-1,14%"
"14/02/2022","861.949","857.804","863.203","853.240","","0,46%"
"13/02/2022","858.007","857.746","858.736","856.684","","0,03%"
"11/02/2022","857.746","842.378","860.602","841.102","","1,81%"
"10/02/2022","842.493","845.973","849.291","840.298","","-0,41%"
"09/02/2022","845.973","844.926","847.380","842.570","","0,13%"
"08/02/2022","844.912","843.347","846.223","840.096","","0,19%"
"07/02/2022","843.346","837.017","843.973","836.325","","0,76%"
"06/02/2022","836.968","835.421","837.477","835.421","","0,13%"
"04/02/2022","835.852","834.699","839.016","828.806","","0,13%"
"03/02/2022","834.772","834.501","835.528","827.050","","0,03%"
"02/02/2022","834.543","832.646","835.865","828.240","","0,22%"
"01/02/2022","832.689","831.280","836.356","830.388","","0,16%"
"31/01/2022","831.380","827.772","832.200","821.644","","0,44%"
"30/01/2022","827.770","828.921","828.921","827.296","","-0,14%"
"28/01/2022","828.921","831.079","832.187","823.713","","-0,28%"
"27/01/2022","831.239","840.669","840.877","828.832","","-1,14%"
"26/01/2022","840.798","853.324","853.324","837.910","","-1,48%"
"25/01/2022","853.410","850.170","855.232","846.880","","0,39%"
"24/01/2022","850.123","845.798","850.330","843.735","","0,53%"
"23/01/2022","845.677","845.669","846.715","844.386","","0,00%"
"21/01/2022","845.669","847.633","849.950","843.002","","-0,24%"
"20/01/2022","847.719","849.082","851.762","846.457","","-0,15%"
"19/01/2022","848.982","836.392","851.179","835.389","","1,51%"
"18/01/2022","836.371","837.408","838.972","832.607","","-0,13%"
"17/01/2022","837.484","834.973","839.249","833.529","","0,31%"
"16/01/2022","834.871","835.374","835.760","834.796","","-0,06%"
"14/01/2022","835.374","836.669","841.217","834.191","","-0,17%"
"13/01/2022","836.774","840.251","840.951","833.053","","-0,41%"
"12/01/2022","840.193","837.254","841.425","835.412","","0,34%"
"11/01/2022","837.326","828.628","838.312","828.628","","1,04%"
"10/01/2022","828.705","828.604","829.404","823.829","","0,00%"
"09/01/2022","828.679","829.548","829.548","828.429","","-0,10%"
"07/01/2022","829.548","828.835","830.234","823.230","","0,07%"
"06/01/2022","828.979","835.535","837.936","826.728","","-0,80%"
"05/01/2022","835.678","834.193","844.426","833.630","","0,20%"
"04/01/2022","834.050","827.402","835.270","827.057","","0,78%"
"03/01/2022","827.562","837.762","839.344","824.960","","-1,23%"
"02/01/2022","837.876","838.375","839.258","837.719","","-0,06%"
"31/12/2021","838.375","833.065","838.617","831.876","","0,65%"
"30/12/2021","832.950","826.987","833.554","824.616","","0,71%"
"29/12/2021","827.044","826.134","829.288","820.089","","0,08%"
"28/12/2021","826.390","829.120","832.501","825.688","","-0,31%"
"27/12/2021","828.992","826.382","829.421","825.021","","0,32%"
"26/12/2021","826.368","826.828","826.931","825.828","","-0,06%"
"24/12/2021","826.828","828.649","836.525","824.227","","-0,22%"
"23/12/2021","828.617","828.504","830.275","824.559","","0,00%"
"22/12/2021","828.589","824.129","829.046","818.769","","0,55%"
"21/12/2021","824.028","828.187","828.778","821.538","","-0,51%"
"20/12/2021","828.259","831.476","834.344","826.796","","-0,42%"
"19/12/2021","831.717","830.442","832.123","830.442","","0,15%"
"17/12/2021","830.442","829.628","837.884","828.824","","0,12%"
"16/12/2021","829.453","820.235","829.879","818.425","","1,16%"
"15/12/2021","819.948","816.838","820.880","809.170","","0,38%"
"14/12/2021","816.835","823.518","825.326","814.140","","-0,80%"
"13/12/2021","823.446","824.004","825.940","821.840","","-0,08%"
"12/12/2021","824.076","823.832","824.593","823.530","","0,03%"
"10/12/2021","823.832","819.636","826.289","818.040","","0,51%"
"09/12/2021","819.690","823.230","825.269","818.796","","-0,44%"
"08/12/2021","823.345","824.980","827.667","821.657","","-0,20%"
"07/12/2021","825.010","826.778","827.096","819.403","","-0,21%"
"06/12/2021","826.706","825.452","829.995","824.540","","0,17%"
"05/12/2021","825.288","825.828","825.884","824.372","","-0,05%"
"03/12/2021","825.682","817.763","826.696","817.246","","0,97%"
"02/12/2021","817.778","821.495","823.572","814.629","","-0,49%"
"01/12/2021","821.776","816.669","826.185","816.437","","0,64%"
"30/11/2021","816.540","822.727","832.801","815.047","","-0,78%"
"29/11/2021","822.928","825.426","828.688","820.599","","-0,31%"
"28/11/2021","825.512","824.056","825.517","820.163","","0,18%"
"26/11/2021","824.056","822.101","834.737","819.519","","0,24%"
"25/11/2021","822.108","820.262","824.333","820.196","","0,22%"
"24/11/2021","820.305","821.118","824.038","815.729","","-0,05%"
"23/11/2021","820.676","828.692","830.677","816.998","","-0,96%"
"22/11/2021","828.635","844.540","847.569","825.700","","-1,86%"
"21/11/2021","844.326","844.939","845.480","841.892","","-0,07%"
"19/11/2021","844.939","850.575","853.923","843.875","","-0,66%"
"18/11/2021","850.590","854.841","856.686","848.754","","-0,49%"
"17/11/2021","854.764","846.009","855.333","845.790","","1,03%"
"16/11/2021","846.051","850.976","858.253","845.781","","-0,58%"
"15/11/2021","850.968","853.845","854.205","847.676","","-0,33%"
"14/11/2021","853.746","853.378","854.776","853.378","","0,03%"
"12/11/2021","853.461","853.932","855.098","844.629","","-0,06%"
"11/11/2021","854.010","847.026","855.509","845.644","","0,82%"
"10/11/2021","847.076","837.929","855.466","835.311","","1,10%"
"09/11/2021","837.873","836.445","839.154","833.186","","0,18%"
"08/11/2021","836.402","836.540","838.818","830.927","","-0,03%"
"07/11/2021","836.627","837.558","837.558","836.239","","-0,11%"
"05/11/2021","837.551","825.725","837.586","822.654","","1,42%"
"04/11/2021","825.797","817.159","829.080","815.258","","1,08%"
"03/11/2021","816.945","818.850","820.791","809.296","","-0,24%"
"02/11/2021","818.920","820.998","823.731","818.664","","-0,24%"
"01/11/2021","820.908","811.302","822.551","810.976","","1,25%"
"31/10/2021","810.749","812.326","812.344","810.494","","-0,20%"
"29/10/2021","812.381","819.878","820.177","807.335","","-0,93%"
"28/10/2021","820.021","818.606","824.584","817.072","","0,17%"
"27/10/2021","818.646","816.132","819.723","812.719","","0,31%"
"26/10/2021","816.142","822.907","822.907","811.108","","-0,83%"
"25/10/2021","822.983","814.953","823.754","813.861","","1,01%"
"24/10/2021","814.727","814.013","814.765","813.908","","0,07%"
"22/10/2021","814.128","810.504","823.540","809.897","","0,46%"
"21/10/2021","810.420","806.307","812.454","806.188","","0,51%"
"20/10/2021","806.343","800.489","809.299","799.683","","0,73%"
"19/10/2021","800.488","800.263","807.694","799.749","","0,04%"
"18/10/2021","800.206","801.289","803.409","798.611","","-0,17%"
"17/10/2021","801.557","799.818","801.740","798.664","","0,22%"
"15/10/2021","799.818","814.976","815.413","798.714","","-1,85%"
"14/10/2021","814.876","819.113","819.866","812.130","","-0,51%"
"13/10/2021","819.087","804.682","820.833","804.213","","1,79%"
"12/10/2021","804.711","800.875","808.706","799.813","","0,47%"
"11/10/2021","800.918","802.244","805.221","799.655","","-0,15%"
"10/10/2021","802.096","803.492","803.998","800.883","","-0,20%"
"08/10/2021","803.698","802.116","814.494","801.498","","0,18%"
"07/10/2021","802.251","808.341","808.341","800.958","","-0,75%"
"06/10/2021","808.329","805.951","808.817","800.143","","0,25%"
"05/10/2021","806.299","811.036","811.136","801.660","","-0,58%"
"04/10/2021","811.008","810.950","812.094","801.792","","-0,01%"
"03/10/2021","811.078","809.919","811.965","809.805","","0,15%"
"01/10/2021","809.851","806.896","811.386","805.212","","0,39%"
"30/09/2021","806.695","794.524","811.605","792.812","","1,54%"
"29/09/2021","794.451","796.406","802.109","791.169","","-0,23%"
"28/09/2021","796.320","802.355","804.777","793.137","","-0,77%"
"27/09/2021","802.473","801.984","807.258","799.708","","0,07%"
"26/09/2021","801.913","802.371","802.587","801.428","","-0,07%"
"24/09/2021","802.455","799.689","805.620","797.935","","0,37%"
"23/09/2021","799.503","809.245","813.176","796.270","","-1,18%"
"22/09/2021","809.059","812.563","818.217","808.547","","-0,43%"
"21/09/2021","812.577","808.091","815.518","805.369","","0,53%"
"20/09/2021","808.276","802.303","809.094","799.974","","0,73%"
"19/09/2021","802.447","802.709","802.772","801.179","","-0,03%"
"17/09/2021","802.700","803.752","808.492","799.586","","-0,14%"
"16/09/2021","803.798","821.894","822.405","801.033","","-2,21%"
"15/09/2021","821.992","826.398","827.640","820.112","","-0,52%"
"14/09/2021","826.255","821.652","828.407","816.595","","0,56%"
"13/09/2021","821.673","816.104","823.937","815.124","","0,67%"
"12/09/2021","816.175","816.317","816.814","816.118","","-0,03%"
"10/09/2021","816.399","822.540","825.010","816.232","","-0,73%"
"09/09/2021","822.412","820.547","825.106","817.820","","0,22%"
"08/09/2021","820.591","820.616","826.478","817.124","","0,00%"
"07/09/2021","820.559","833.851","835.487","819.179","","-1,61%"
"06/09/2021","834.022","838.079","838.447","832.912","","-0,50%"
"05/09/2021","838.248","838.107","839.220","838.050","","0,02%"
"03/09/2021","838.107","830.360","840.946","830.146","","0,94%"
"02/09/2021","830.334","832.644","833.912","828.404","","-0,29%"
"01/09/2021","832.770","832.352","835.598","830.518","","0,05%"
"31/08/2021","832.376","836.420","838.231","827.030","","-0,48%"
"30/08/2021","836.422","842.977","844.966","835.235","","-0,78%"
"29/08/2021","842.977","842.270","843.237","842.270","","0,09%"
"27/08/2021","842.199","831.356","843.222","828.982","","1,29%"
"26/08/2021","831.490","829.310","833.477","825.227","","0,26%"
"25/08/2021","829.352","833.858","834.146","825.913","","-0,54%"
"24/08/2021","833.814","836.276","837.255","832.996","","-0,30%"
"23/08/2021","836.298","826.764","836.891","825.570","","1,19%"
"22/08/2021","826.423","827.622","828.114","825.989","","-0,14%"
"20/08/2021","827.622","823.938","831.866","823.852","","0,45%"
"19/08/2021","823.883","825.838","829.685","822.406","","-0,25%"
"18/08/2021","825.988","825.398","829.079","821.547","","0,08%"
"17/08/2021","825.341","826.045","829.566","822.811","","-0,07%"
"16/08/2021","825.930","822.812","826.692","818.283","","0,39%"
"15/08/2021","822.749","823.221","823.440","822.715","","-0,06%"
"13/08/2021","823.254","810.838","823.339","810.209","","1,51%"
"12/08/2021","810.995","810.310","813.133","805.636","","0,08%"
"11/08/2021","810.382","798.626","811.130","797.596","","1,47%"
"10/08/2021","798.675","799.819","804.556","794.691","","-0,11%"
"09/08/2021","799.575","793.703","809.760","788.282","","0,77%"
"08/08/2021","793.495","813.879","814.076","778.866","","-2,52%"
"06/08/2021","814.033","831.722","832.459","811.746","","-2,12%"
"05/08/2021","831.676","833.675","836.947","829.226","","-0,24%"
"04/08/2021","833.677","835.096","842.820","831.542","","-0,18%"
"03/08/2021","835.169","840.543","841.115","833.448","","-0,64%"
"02/08/2021","840.543","843.332","844.784","837.522","","-0,35%"
"01/08/2021","843.468","843.457","844.076","842.658","","0,01%"
"30/07/2021","843.425","852.092","852.321","841.866","","-1,04%"
"29/07/2021","852.295","842.760","853.294","842.477","","1,13%"
"28/07/2021","842.765","838.696","843.144","836.045","","0,49%"
"27/07/2021","838.652","837.048","841.000","835.195","","0,19%"
"26/07/2021","837.089","838.884","843.887","836.499","","-0,21%"
"25/07/2021","838.809","584.149","839.913","584.149","","-0,10%"
"23/07/2021","839.666","841.506","843.886","834.942","","-0,23%"
"22/07/2021","841.564","842.883","842.927","834.800","","-0,15%"
"21/07/2021","842.859","844.649","848.754","839.742","","-0,22%"
"20/07/2021","844.716","845.671","851.771","842.623","","-0,09%"
"19/07/2021","845.441","846.335","847.577","837.936","","-0,10%"
"18/07/2021","846.263","844.655","846.292","843.972","","0,20%"
"16/07/2021","844.610","851.878","854.466","843.582","","-0,86%"
"15/07/2021","851.934","850.338","854.744","847.699","","0,20%"
"14/07/2021","850.274","839.847","851.699","839.230","","1,24%"
"13/07/2021","839.823","842.232","844.944","837.191","","-0,26%"
"12/07/2021","842.043","843.862","845.442","834.942","","-0,20%"
"11/07/2021","843.764","844.604","844.731","843.764","","-0,11%"
"09/07/2021","844.652","842.479","846.533","840.082","","0,27%"
"08/07/2021","842.406","839.743","849.059","837.853","","0,31%"
"07/07/2021","839.782","835.425","842.476","834.685","","0,52%"
"06/07/2021","835.469","833.723","844.327","832.887","","0,21%"
"05/07/2021","833.755","834.602","836.302","831.299","","-0,12%"
"04/07/2021","834.790","835.125","835.241","834.293","","-0,04%"
"02/07/2021","835.136","827.973","838.631","827.736","","0,86%"
"01/07/2021","827.977","824.485","831.138","823.499","","0,44%"
"30/06/2021","824.354","820.358","827.127","817.438","","0,49%"
"29/06/2021","820.344","825.748","828.282","815.781","","-0,66%"
"28/06/2021","825.777","826.379","830.939","821.345","","-0,09%"
"27/06/2021","826.560","826.165","826.876","825.932","","0,04%"
"25/06/2021","826.268","824.264","830.101","823.557","","0,25%"
"24/06/2021","824.206","824.737","830.055","823.484","","-0,07%"
"23/06/2021","824.773","823.199","832.766","823.047","","0,19%"
"22/06/2021","823.175","827.316","829.612","821.187","","-0,52%"
"21/06/2021","827.475","817.570","828.980","817.570","","1,21%"
"20/06/2021","817.607","815.502","818.038","815.502","","0,26%"
"18/06/2021","815.514","819.843","829.898","814.214","","-0,53%"
"17/06/2021","819.846","832.381","842.718","816.412","","-1,52%"
"16/06/2021","832.495","849.674","853.002","827.384","","-2,03%"
"15/06/2021","849.750","852.420","855.865","846.962","","-0,34%"
"14/06/2021","852.655","854.802","854.802","842.535","","-0,24%"
"13/06/2021","854.687","856.452","856.566","854.687","","-0,22%"
"11/06/2021","856.533","869.753","870.366","855.211","","-1,48%"
"10/06/2021","869.362","865.464","870.286","857.085","","0,43%"
"09/06/2021","865.649","867.686","870.139","865.036","","-0,25%"
"08/06/2021","867.806","870.817","872.848","863.459","","-0,35%"
"07/06/2021","870.831","868.249","871.380","863.272","","0,27%"
"06/06/2021","868.478","869.225","869.225","868.130","","-0,10%"
"04/06/2021","869.365","859.328","871.337","853.657","","1,17%"
"03/06/2021","859.343","876.021","876.735","856.864","","-1,89%"
"02/06/2021","875.921","871.755","876.678","869.713","","0,48%"
"01/06/2021","871.751","875.878","879.805","868.938","","-0,48%"
"31/05/2021","875.964","874.576","878.198","873.422","","0,16%"
"30/05/2021","874.528","874.371","874.863","874.113","","0,01%"
"28/05/2021","874.431","871.952","874.885","865.028","","0,30%"
"27/05/2021","871.809","873.301","875.882","867.766","","-0,19%"
"26/05/2021","873.508","874.379","881.021","871.046","","-0,09%"
"25/05/2021","874.278","866.525","875.353","862.262","","0,89%"
"24/05/2021","866.597","869.281","871.112","865.808","","-0,29%"
"23/05/2021","869.088","868.239","869.454","867.788","","0,07%"
"21/05/2021","868.521","866.079","871.951","863.210","","0,27%"
"20/05/2021","866.167","856.821","870.434","856.117","","1,11%"
"19/05/2021","856.622","858.205","867.590","850.643","","-0,20%"
"18/05/2021","858.305","858.253","861.741","855.104","","0,01%"
"17/05/2021","858.194","843.033","858.208","841.682","","1,78%"
"16/05/2021","843.147","841.486","843.544","840.961","","0,18%"
"14/05/2021","841.604","833.195","841.827","831.150","","1,04%"
"13/05/2021","832.979","829.674","834.658","826.025","","0,39%"
"12/05/2021","829.745","838.149","841.244","827.842","","-0,98%"
"11/05/2021","837.942","838.022","840.620","830.071","","0,00%"
"10/05/2021","837.951","843.072","843.072","833.027","","-0,66%"
"09/05/2021","843.544","840.906","843.586","840.906","","0,31%"
"07/05/2021","840.967","835.528","846.258","830.785","","0,65%"
"06/05/2021","835.542","828.801","836.845","823.371","","0,83%"
"05/05/2021","828.641","825.145","829.821","821.972","","0,42%"
"04/05/2021","825.194","832.986","834.126","823.405","","-0,92%"
"03/05/2021","832.868","821.487","834.986","820.967","","1,38%"
"02/05/2021","821.496","821.545","821.545","820.346","","-0,01%"
"30/04/2021","821.545","823.477","823.893","819.427","","-0,29%"
"29/04/2021","823.925","831.662","834.301","816.598","","-0,92%"
"28/04/2021","831.603","826.847","831.603","822.107","","0,58%"
"27/04/2021","826.823","828.991","831.439","826.195","","-0,28%"
"26/04/2021","829.107","828.898","831.687","824.021","","0,01%"
"25/04/2021","829.065","830.001","830.001","828.462","","-0,09%"
"23/04/2021","829.807","832.402","838.339","826.778","","-0,32%"
"22/04/2021","832.446","838.032","839.834","829.891","","-0,67%"
"21/04/2021","838.076","828.184","839.587","828.150","","1,18%"
"20/04/2021","828.271","828.858","829.793","822.182","","-0,08%"
"19/04/2021","828.960","832.055","837.180","826.707","","-0,36%"
"18/04/2021","831.953","831.982","833.296","831.327","","0,00%"
"16/04/2021","831.982","828.519","835.143","825.049","","0,42%"
"15/04/2021","828.465","815.259","831.031","814.352","","1,62%"
"14/04/2021","815.243","820.225","821.462","813.491","","-0,62%"
"13/04/2021","820.300","812.504","821.075","809.963","","0,92%"
"12/04/2021","812.782","815.684","818.780","810.895","","-0,38%"
"11/04/2021","815.872","816.732","816.732","815.174","","-0,11%"
"09/04/2021","816.732","819.803","821.448","811.081","","-0,36%"
"08/04/2021","819.703","809.471","821.794","808.009","","1,26%"
"07/04/2021","809.470","813.049","813.049","806.616","","-0,44%"
"06/04/2021","813.049","807.067","813.950","805.846","","0,75%"
"05/04/2021","807.005","807.256","808.882","803.652","","0,01%"
"04/04/2021","806.936","807.583","807.779","806.660","","-0,08%"
"02/04/2021","807.583","808.109","809.080","807.565","","-0,06%"
"01/04/2021","808.109","797.379","808.113","796.682","","1,34%"
"31/03/2021","797.393","784.382","800.734","781.783","","1,62%"
"30/03/2021","784.686","795.053","796.136","781.790","","-1,30%"
"29/03/2021","794.987","802.334","804.136","792.437","","-0,92%"
"28/03/2021","802.380","803.074","803.324","802.322","","-0,08%"
"26/03/2021","803.022","801.020","804.997","798.153","","0,23%"
"25/03/2021","801.179","804.468","809.444","799.382","","-0,40%"
"24/03/2021","804.425","799.280","806.098","798.347","","0,67%"
"23/03/2021","799.095","805.553","806.467","798.300","","-0,80%"
"22/03/2021","805.532","804.966","808.602","800.289","","0,06%"
"21/03/2021","805.082","808.231","808.324","804.966","","-0,38%"
"19/03/2021","808.185","803.660","810.158","800.855","","0,53%"
"18/03/2021","803.963","811.131","813.596","796.746","","-0,90%"
"17/03/2021","811.258","802.118","812.413","800.164","","1,13%"
"16/03/2021","802.219","801.773","806.473","800.191","","0,09%"
"15/03/2021","801.509","797.821","803.324","797.821","","0,44%"
"14/03/2021","797.994","799.245","800.266","797.519","","-0,16%"
"12/03/2021","799.245","798.019","800.140","786.025","","0,16%"
"11/03/2021","797.965","799.751","805.753","796.625","","-0,22%"
"10/03/2021","799.737","794.663","799.894","791.257","","0,66%"
"09/03/2021","794.527","777.774","796.406","775.951","","2,15%"
"08/03/2021","777.825","784.927","790.088","774.306","","-0,94%"
"07/03/2021","785.227","781.953","787.490","781.953","","0,42%"
"05/03/2021","781.953","776.858","784.915","774.435","","0,61%"
"04/03/2021","777.214","783.423","790.291","775.588","","-0,79%"
"03/03/2021","783.375","799.879","800.217","780.063","","-2,05%"
"02/03/2021","799.782","790.259","801.543","784.054","","1,18%"
"01/03/2021","790.483","797.633","806.885","788.344","","-0,84%"
"28/02/2021","797.205","795.237","797.629","795.237","","0,25%"
"26/02/2021","795.237","801.548","812.051","787.366","","-0,80%"
"25/02/2021","801.689","816.554","816.986","800.323","","-1,83%"
"24/02/2021","816.662","818.223","821.663","807.803","","-0,19%"
"23/02/2021","818.253","821.571","823.991","814.138","","-0,44%"
"22/02/2021","821.888","806.740","822.425","806.293","","1,88%"
"21/02/2021","806.712","806.543","808.316","805.841","","0,02%"
"19/02/2021","806.543","798.555","809.624","794.067","","0,95%"
"18/02/2021","798.934","801.500","806.690","797.642","","-0,34%"
"17/02/2021","801.622","800.729","808.417","797.822","","0,09%"
"16/02/2021","800.910","813.538","817.230","800.158","","-1,56%"
"15/02/2021","813.582","817.993","820.774","812.550","","-0,56%"
"14/02/2021","818.160","819.627","820.262","817.769","","-0,18%"
"12/02/2021","819.627","820.773","821.974","813.549","","-0,15%"
"11/02/2021","820.829","828.114","829.763","818.272","","-0,88%"
"10/02/2021","828.076","826.265","833.832","824.985","","0,22%"
"09/02/2021","826.226","823.925","831.723","823.902","","0,28%"
"08/02/2021","823.928","820.082","827.638","813.791","","0,49%"
"07/02/2021","819.941","818.216","820.392","818.216","","0,21%"
"05/02/2021","818.216","809.403","818.743","808.001","","1,09%"
"04/02/2021","809.403","825.945","826.126","805.113","","-2,00%"
"03/02/2021","825.907","828.359","830.637","824.378","","-0,27%"
"02/02/2021","828.169","837.272","841.094","825.105","","-1,08%"
"01/02/2021","837.232","837.128","843.429","834.350","","0,02%"
"31/01/2021","837.104","834.027","839.247","834.027","","0,37%"
"29/01/2021","834.027","834.281","845.771","831.095","","0,00%"
"28/01/2021","834.013","831.076","843.040","828.894","","0,35%"
"27/01/2021","831.084","837.121","837.121","827.750","","-0,73%"
"26/01/2021","837.211","836.225","841.815","835.438","","0,10%"
"25/01/2021","836.349","838.072","841.943","833.012","","-0,21%"
"24/01/2021","838.086","836.453","838.928","836.453","","0,06%"
"22/01/2021","837.623","841.442","841.935","829.236","","-0,47%"
"21/01/2021","841.540","843.439","844.796","836.906","","-0,25%"
"20/01/2021","843.652","832.296","844.391","826.858","","1,34%"
"19/01/2021","832.479","831.256","834.442","829.132","","0,16%"
"18/01/2021","831.115","816.740","834.061","816.539","","1,67%"
"17/01/2021","817.461","823.787","824.547","817.461","","-0,77%"
"15/01/2021","823.787","834.698","838.395","822.021","","-1,31%"
"14/01/2021","834.705","835.614","839.238","830.398","","-0,12%"
"13/01/2021","835.712","844.395","846.249","833.547","","-1,04%"
"12/01/2021","844.479","838.855","847.800","835.051","","0,69%"
"11/01/2021","838.726","831.795","842.089","820.338","","0,84%"
"10/01/2021","831.730","833.573","836.503","830.615","","-0,22%"
"08/01/2021","833.573","857.217","862.105","825.357","","-2,75%"
"07/01/2021","857.182","859.447","862.893","853.155","","-0,27%"
"06/01/2021","859.489","872.554","875.065","849.457","","-1,51%"
"05/01/2021","872.634","867.548","873.862","864.505","","0,60%"
"04/01/2021","867.397","874.282","874.282","855.343","","-0,77%"
"03/01/2021","874.168","867.623","875.021","867.522","","0,75%"
"01/01/2021","867.623","857.674","867.654","849.635","","1,16%"
"31/12/2020","857.674","856.067","858.591","851.823","","0,18%"
"30/12/2020","856.109","853.240","856.193","847.601","","0,32%"
"29/12/2020","853.367","854.240","856.953","850.860","","-0,09%"
"28/12/2020","854.141","862.295","866.910","851.774","","-0,92%"
"27/12/2020","862.068","856.960","862.522","856.960","","0,60%"
"25/12/2020","856.960","856.960","856.960","856.960","","0,00%"
"24/12/2020","856.960","854.965","858.548","853.751","","0,25%"
"23/12/2020","854.801","851.306","857.339","848.734","","0,41%"
"22/12/2020","851.302","853.580","859.588","849.073","","-0,25%"
"21/12/2020","853.424","854.284","867.506","846.901","","-0,11%"
"20/12/2020","854.346","853.584","855.052","853.584","","0,09%"
"18/12/2020","853.584","854.413","857.140","851.855","","-0,11%"
"17/12/2020","854.495","846.679","859.813","845.908","","0,92%"
"16/12/2020","846.737","840.945","847.133","837.937","","0,68%"
"15/12/2020","841.037","828.109","842.244","827.489","","1,55%"
"14/12/2020","828.194","831.706","834.079","825.516","","-0,47%"
"13/12/2020","832.069","832.790","850.771","831.086","","-0,09%"
"11/12/2020","832.790","832.943","836.394","826.637","","-0,02%"
"10/12/2020","832.943","832.617","838.838","829.741","","0,07%"
"09/12/2020","832.322","848.406","848.561","828.963","","-1,90%"
"08/12/2020","848.419","845.411","850.679","844.033","","0,37%"
"07/12/2020","845.299","832.364","847.019","827.498","","1,55%"
"06/12/2020","832.371","833.888","833.888","831.532","","-0,18%"
"04/12/2020","833.888","836.505","838.481","829.741","","-0,33%"
"03/12/2020","836.664","831.426","838.271","829.338","","0,64%"
"02/12/2020","831.309","822.905","831.892","821.104","","1,06%"
"01/12/2020","822.578","807.546","825.465","806.749","","1,87%"
"30/11/2020","807.492","809.380","809.966","800.656","","-0,24%"
"29/11/2020","809.456","810.446","810.837","809.020","","-0,12%"
"27/11/2020","810.446","819.943","822.101","803.919","","-1,20%"
"26/11/2020","820.322","822.223","824.598","819.111","","-0,22%"
"25/11/2020","822.102","823.354","826.031","820.084","","-0,18%"
"24/11/2020","823.552","834.837","835.423","819.815","","-1,40%"
"23/11/2020","835.273","852.577","854.376","833.116","","-2,02%"
"22/11/2020","852.464","852.138","852.489","851.282","","0,04%"
"20/11/2020","852.138","847.899","856.062","847.131","","0,51%"
"19/11/2020","847.856","846.536","851.489","843.907","","0,15%"
"18/11/2020","846.564","850.627","852.509","844.087","","-0,48%"
"17/11/2020","850.665","857.253","858.066","849.124","","-0,75%"
"16/11/2020","857.126","861.409","864.635","846.276","","-0,49%"
"15/11/2020","861.338","860.785","861.742","859.852","","0,06%"
"13/11/2020","860.785","854.494","863.732","853.837","","0,72%"
"12/11/2020","854.649","844.734","857.909","843.565","","1,18%"
"11/11/2020","844.663","847.992","853.861","840.824","","-0,36%"
"10/11/2020","847.749","846.051","854.584","843.716","","0,22%"
"09/11/2020","845.915","894.463","894.690","836.775","","-5,48%"
"08/11/2020","894.946","891.450","895.312","891.450","","0,39%"
"06/11/2020","891.450","899.440","900.116","884.491","","-0,92%"
"05/11/2020","899.747","891.669","902.784","881.306","","0,87%"
"04/11/2020","892.019","893.939","898.567","881.972","","-0,58%"
"03/11/2020","897.211","891.869","898.451","885.794","","0,59%"
"02/11/2020","891.946","882.689","892.439","880.995","","1,06%"
"01/11/2020","882.595","883.326","883.760","881.844","","-0,11%"
"30/10/2020","883.569","878.609","888.293","877.047","","0,56%"
"29/10/2020","878.626","883.833","886.314","874.809","","-0,56%"
"28/10/2020","883.613","895.898","898.399","879.539","","-1,38%"
"27/10/2020","895.957","896.170","901.191","892.487","","-0,01%"
"26/10/2020","896.023","894.641","898.792","893.269","","0,12%"
"25/10/2020","894.949","896.191","896.683","891.724","","-0,13%"
"23/10/2020","896.150","897.709","902.122","893.002","","-0,20%"
"22/10/2020","897.949","903.850","906.018","893.198","","-0,66%"
"21/10/2020","903.937","900.139","908.459","900.095","","0,40%"
"20/10/2020","900.330","898.937","901.839","894.434","","0,13%"
"19/10/2020","899.130","898.640","905.927","896.759","","0,09%"
"18/10/2020","898.361","897.435","899.431","897.435","","0,10%"
"16/10/2020","897.435","900.497","904.535","897.141","","-0,33%"
"15/10/2020","900.365","897.765","901.613","892.770","","0,29%"
"14/10/2020","897.722","895.075","904.608","891.067","","0,21%"
"13/10/2020","895.804","909.254","910.638","892.921","","-1,55%"
"12/10/2020","909.901","911.437","913.898","906.900","","-0,21%"
"11/10/2020","911.797","912.253","913.493","910.600","","-0,05%"
"09/10/2020","912.287","896.369","912.326","896.369","","1,78%"
"08/10/2020","896.354","892.170","898.502","890.176","","0,44%"
"07/10/2020","892.470","890.009","898.172","887.493","","0,20%"
"06/10/2020","890.724","910.140","910.928","888.521","","-2,14%"
"05/10/2020","910.207","909.046","912.938","899.589","","0,11%"
"04/10/2020","909.209","907.218","909.729","906.937","","0,22%"
"02/10/2020","907.218","907.872","918.331","902.920","","-0,06%"
"01/10/2020","907.768","903.182","911.863","899.234","","0,48%"
"30/09/2020","903.439","908.387","910.065","900.230","","-0,54%"
"29/09/2020","908.387","901.884","909.593","898.456","","0,69%"
"28/09/2020","902.188","890.112","902.374","886.476","","1,33%"
"27/09/2020","890.356","889.910","892.022","888.753","","0,04%"
"25/09/2020","890.016","894.220","898.161","886.222","","-0,46%"
"24/09/2020","894.130","883.893","898.433","883.893","","1,18%"
"23/09/2020","883.681","905.655","906.385","883.315","","-2,38%"
"22/09/2020","905.271","905.564","911.333","901.463","","-0,09%"
"21/09/2020","906.079","923.118","926.375","891.055","","-1,83%"
"20/09/2020","923.015","923.929","924.312","922.323","","-0,10%"
"18/09/2020","923.929","928.437","932.318","921.777","","-0,49%"